Workbook

Sheet Resumo
A1: COTAÇÃO DE PREÇOS DE REFERÊNCIA – SERVIÇOS ESPECIALIZADOS EM SAÚDE EM UNIDADES MÓVEIS (Carretas)
A2: Pesquisa de preços – credenciamento de serviços especializados em saúde por meio de unidades móveis (Lei nº 14.133/2021, art. 23).
A3: Data da pesquisa: 07/10/2026. Valores em reais (R$), com todos os custos de mobilização, instalação, operação, equipe, insumos e laudos inclusos (TR, item 2.3.3).
A5: Lote | B5: Valor estimado do lote (R$)
A6: Lote 1 – Mamografia bilateral digital | B6: ='Lote 1 - Mamografia'!V4 -> 4615986
A7: Lote 2 – Consultas médicas especializadas | B7: ='Lote 2 - Consultas'!V18 -> 22868454
A8: Lote 3 – Exames diagnósticos | B8: ='Lote 3 - Exames'!V12 -> 17203714
A9: Lote 4 – Ressonância magnética | B9: ='Lote 4 - Ressonancia'!V5 -> 11851030
A10: Lote 5 – Atendimentos e procedimentos odontológicos | B10: ='Lote 5 - Odontologia'!V67 -> 20579183
A11: VALOR GLOBAL ESTIMADO | B11: =SUM(B6:B10) -> 77118366
A13: Metodologia: para cada item foram reunidos até três preços de contratações públicas (credenciamentos, pregões, atas de registro de preços, contratos e tabelas de credenciamento de órgãos e consórcios públicos), indicados nas colunas Fonte/Valor/Link de cada lote. O valor unitário de referência de cada item corresponde à MEDIANA dos preços coletados (Lei nº 14.133/2021, art. 23; IN SEGES/ME nº 65/2021, art. 6º), apresentada ao lado do menor preço, da média e do maior preço. Para os serviços com correspondente na Tabela de Serviços de Saúde executados em unidades móveis/itinerantes do ICISMEP (TSPS 2026), a mediana foi confrontada com o valor ICISMEP (coluna de diferença percentual), demonstrando que o valor de referência resultante das cotações é inferior ao praticado por aquele consórcio para o mesmo serviço. Itens marcados como 'análogo' usam procedimento equivalente quando não havia o item idêntico na fonte. Itens com menos de três preços estão sujeitos à justificativa prevista no art. 6º, §5º, da IN SEGES/ME nº 65/2021. Os quantitativos são estimativas do TR e não geram obrigação de execução.

Sheet Lote 1 - Mamografia
A1: LOTE 1 – EXAMES DE MAMOGRAFIA BILATERAL (unidade móvel)
A2: Item | B2: Descrição | C2: Unid. | D2: Qtd. estimada | E2: Fonte 1 | F2: Valor 1 (R$) | G2: Link 1 | H2: Fonte 2 | I2: Valor 2 (R$) | J2: Link 2 | K2: Fonte 3 | L2: Valor 3 (R$) | M2: Link 3 | N2: Menor (R$) | O2: Média (R$) | P2: Mediana (R$) | Q2: Maior (R$) | R2: Valor ICISMEP – TSPS 2026, serviço em unidade móvel/itinerante (R$) | S2: Teto de verificação: ICISMEP − 4% (R$) | T2: Valor unit. referência (R$) | U2: Diferença ref. x ICISMEP (%) | V2: Valor total estimado (R$)
A3: 1 | B3: Exame de MAMOGRAFIA BILATERAL DIGITAL para rastreamento e/ou diagnóstico, em unidade móvel temporária | C3: Exame | D3: 34600 | E3: CIS Circuito das Águas/MG – Credenciamento 04/2025 (Proc. 054/2025), carreta itinerante | F3: 80 | G3: https://pncp.gov.br/pncp-api/v1/orgaos/71203715000190/compras/2026/1/arquivos/1 | H3: CIMINAS/MG – Termo de Contrato 741/2025 (Credenciamento 040/2025 – Sistema Carretas da Saúde), 30/09/2025 (pacote básico de mamografia em carreta (triagem + consulta ginecológica + mamografia bilateral com laudo)) | I3: 133.41 | J3: https://ciminas.mg.gov.br | K3: ICISMEP/MG – TSPS jan/2026, atualização II (Unidade Móvel Saúde da Mulher) (mamografia em unidade móvel) | L3: 140.45 | M3: https://icismep.mg.gov.br/wp-content/uploads/2026/02/03.-TSPS-JANEIRO-DE-2026-ATUALIZACAO-II-1.pdf | N3: =IF(COUNT(F3,I3,L3)=0,"",MIN(F3,I3,L3)) -> 80 | O3: =IF(COUNT(F3,I3,L3)=0,"",AVERAGE(F3,I3,L3)) -> 117.95333 | P3: =IF(COUNT(F3,I3,L3)=0,"",MEDIAN(F3,I3,L3)) -> 133.41 | Q3: =IF(COUNT(F3,I3,L3)=0,"",MAX(F3,I3,L3)) -> 140.45 | R3: 140.45 | S3: =IF(ISNUMBER(R3),ROUNDDOWN(R3*0.96,2),"—") -> 134.83 | T3: =IF(COUNT(F3,I3,L3)=0,"Sem cotação",ROUND(P3,2)) -> 133.41 | U3: =IF(AND(ISNUMBER(R3),ISNUMBER(T3)),T3/R3-1,"—") -> -0.0501246 | V3: =IF(ISNUMBER(T3),D3*T3,0) -> 4615986
B4: SUBTOTAL DO LOTE | V4: =SUM(V3:V3) -> 4615986

Sheet Lote 2 - Consultas
A1: LOTE 2 – CONSULTAS MÉDICAS ESPECIALIZADAS (unidade móvel)
A2: Item | B2: Descrição | C2: Unid. | D2: Qtd. estimada | E2: Fonte 1 | F2: Valor 1 (R$) | G2: Link 1 | H2: Fonte 2 | I2: Valor 2 (R$) | J2: Link 2 | K2: Fonte 3 | L2: Valor 3 (R$) | M2: Link 3 | N2: Menor (R$) | O2: Média (R$) | P2: Mediana (R$) | Q2: Maior (R$) | R2: Valor ICISMEP – TSPS 2026, serviço em unidade móvel/itinerante (R$) | S2: Teto de verificação: ICISMEP − 4% (R$) | T2: Valor unit. referência (R$) | U2: Diferença ref. x ICISMEP (%) | V2: Valor total estimado (R$)
A3: 1 | B3: Consulta especializada na área de ORTOPEDIA, em unidade móvel temporária | C3: Consulta | D3: 43440 | E3: SESA/ES – Credenciamento SRSV/NRA 001/2026 (consulta médica especializada adulto) | F3: 50 | G3: https://saude.es.gov.br/Media/sesa/Credenciamento/EDITAL%20SESA-SRSV-NRA%20001-26.pdf | H3: CISAME/MG – Tabela de Preços e Serviços 2026 (Credenciamento 01/2025, Contrato 10/2026) | I3: 92.48 | J3: https://www.cisame.mg.gov.br/compliance/tabela-de-precos-e-servicos/ | K3: Pref. Iuiú/BA – Edital de Credenciamento 022/2026 | L3: 100 | M3: https://www.procede.api.br/publica/documentos/PRYXAMTCDSCNU-20260528-145706--!--CREDENCIAMENTO_MEDICOS_EDITAL_2026.pdf | N3: =IF(COUNT(F3,I3,L3)=0,"",MIN(F3,I3,L3)) -> 50 | O3: =IF(COUNT(F3,I3,L3)=0,"",AVERAGE(F3,I3,L3)) -> 80.826667 | P3: =IF(COUNT(F3,I3,L3)=0,"",MEDIAN(F3,I3,L3)) -> 92.48 | Q3: =IF(COUNT(F3,I3,L3)=0,"",MAX(F3,I3,L3)) -> 100 | R3: 250 | S3: =IF(ISNUMBER(R3),ROUNDDOWN(R3*0.96,2),"—") -> 240 | T3: =IF(COUNT(F3,I3,L3)=0,"Sem cotação",ROUND(P3,2)) -> 92.48 | U3: =IF(AND(ISNUMBER(R3),ISNUMBER(T3)),T3/R3-1,"—") -> -0.63008 | V3: =IF(ISNUMBER(T3),D3*T3,0) -> 4017331.2
A4: 2 | B4: Consulta especializada na área de DERMATOLOGIA, em unidade móvel temporária | C4: Consulta | D4: 29865 | E4: SESA/ES – Credenciamento SRSV/NRA 001/2026 (consulta médica especializada adulto) | F4: 50 | G4: https://saude.es.gov.br/Media/sesa/Credenciamento/EDITAL%20SESA-SRSV-NRA%20001-26.pdf | H4: CISAME/MG – Tabela de Preços e Serviços 2026 (Credenciamento 01/2025, Contrato 10/2026) | I4: 97.63 | J4: https://www.cisame.mg.gov.br/compliance/tabela-de-precos-e-servicos/ | K4: Pref. Três Lagoas/MS – Edital de Credenciamento 002/2026 (valor único para todas as especialidades) | L4: 115 | M4: https://www.treslagoas.ms.gov.br/prefeitura-de-tres-lagoas-amplia-acesso-a-consultas-especializadas-com-novo-credenciamento-na-saude/ | N4: =IF(COUNT(F4,I4,L4)=0,"",MIN(F4,I4,L4)) -> 50 | O4: =IF(COUNT(F4,I4,L4)=0,"",AVERAGE(F4,I4,L4)) -> 87.543333 | P4: =IF(COUNT(F4,I4,L4)=0,"",MEDIAN(F4,I4,L4)) -> 97.63 | Q4: =IF(COUNT(F4,I4,L4)=0,"",MAX(F4,I4,L4)) -> 115 | R4: 250 | S4: =IF(ISNUMBER(R4),ROUNDDOWN(R4*0.96,2),"—") -> 240 | T4: =IF(COUNT(F4,I4,L4)=0,"Sem cotação",ROUND(P4,2)) -> 97.63 | U4: =IF(AND(ISNUMBER(R4),ISNUMBER(T4)),T4/R4-1,"—") -> -0.60948 | V4: =IF(ISNUMBER(T4),D4*T4,0) -> 2915720
A5: 3 | B5: Consulta especializada na área de NEUROLOGIA, em unidade móvel temporária | C5: Consulta | D5: 24435 | E5: SESA/ES – Credenciamento SRSV/NRA 001/2026 (consulta neurologia) | F5: 75 | G5: https://saude.es.gov.br/Media/sesa/Credenciamento/EDITAL%20SESA-SRSV-NRA%20001-26.pdf | H5: CISAMUSEP/PR – Tabela 2026 (12/06/2026) | I5: 100 | J5: https://cisamusep.org.br/uploads/pagina/arquivos/Tabela-Cisamusep-1206.pdf | K5: CISAME/MG – Tabela de Preços e Serviços 2026 (Credenciamento 01/2025, Contrato 10/2026) | L5: 125.24 | M5: https://www.cisame.mg.gov.br/compliance/tabela-de-precos-e-servicos/ | N5: =IF(COUNT(F5,I5,L5)=0,"",MIN(F5,I5,L5)) -> 75 | O5: =IF(COUNT(F5,I5,L5)=0,"",AVERAGE(F5,I5,L5)) -> 100.08 | P5: =IF(COUNT(F5,I5,L5)=0,"",MEDIAN(F5,I5,L5)) -> 100 | Q5: =IF(COUNT(F5,I5,L5)=0,"",MAX(F5,I5,L5)) -> 125.24 | R5: 250 | S5: =IF(ISNUMBER(R5),ROUNDDOWN(R5*0.96,2),"—") -> 240 | T5: =IF(COUNT(F5,I5,L5)=0,"Sem cotação",ROUND(P5,2)) -> 100 | U5: =IF(AND(ISNUMBER(R5),ISNUMBER(T5)),T5/R5-1,"—") -> -0.6 | V5: =IF(ISNUMBER(T5),D5*T5,0) -> 2443500
A6: 4 | B6: Consulta especializada na área de ENDOCRINOLOGIA, em unidade móvel temporária | C6: Consulta | D6: 21720 | E6: SESA/ES – Credenciamento SRSV/NRA 001/2026 (consulta médica especializada adulto) | F6: 50 | G6: https://saude.es.gov.br/Media/sesa/Credenciamento/EDITAL%20SESA-SRSV-NRA%20001-26.pdf | H6: CISAME/MG – Tabela de Preços e Serviços 2026 (Credenciamento 01/2025, Contrato 10/2026) | I6: 114.97 | J6: https://www.cisame.mg.gov.br/compliance/tabela-de-precos-e-servicos/ | K6: Pref. Três Lagoas/MS – Edital de Credenciamento 002/2026 (valor único para todas as especialidades) | L6: 115 | M6: https://www.treslagoas.ms.gov.br/prefeitura-de-tres-lagoas-amplia-acesso-a-consultas-especializadas-com-novo-credenciamento-na-saude/ | N6: =IF(COUNT(F6,I6,L6)=0,"",MIN(F6,I6,L6)) -> 50 | O6: =IF(COUNT(F6,I6,L6)=0,"",AVERAGE(F6,I6,L6)) -> 93.323333 | P6: =IF(COUNT(F6,I6,L6)=0,"",MEDIAN(F6,I6,L6)) -> 114.97 | Q6: =IF(COUNT(F6,I6,L6)=0,"",MAX(F6,I6,L6)) -> 115 | R6: 250 | S6: =IF(ISNUMBER(R6),ROUNDDOWN(R6*0.96,2),"—") -> 240 | T6: =IF(COUNT(F6,I6,L6)=0,"Sem cotação",ROUND(P6,2)) -> 114.97 | U6: =IF(AND(ISNUMBER(R6),ISNUMBER(T6)),T6/R6-1,"—") -> -0.54012 | V6: =IF(ISNUMBER(T6),D6*T6,0) -> 2497148.4
A7: 5 | B7: Consulta especializada na área de GINECOLOGIA, em unidade móvel temporária | C7: Consulta | D7: 21720 | E7: SESA/ES – Credenciamento SRSV/NRA 001/2026 (consulta médica especializada adulto) | F7: 50 | G7: https://saude.es.gov.br/Media/sesa/Credenciamento/EDITAL%20SESA-SRSV-NRA%20001-26.pdf | H7: CISAME/MG – Tabela de Preços e Serviços 2026 (Credenciamento 01/2025, Contrato 10/2026) | I7: 96.5 | J7: https://www.cisame.mg.gov.br/compliance/tabela-de-precos-e-servicos/ | K7: Pref. Iuiú/BA – Edital de Credenciamento 022/2026 | L7: 161.67 | M7: https://www.procede.api.br/publica/documentos/PRYXAMTCDSCNU-20260528-145706--!--CREDENCIAMENTO_MEDICOS_EDITAL_2026.pdf | N7: =IF(COUNT(F7,I7,L7)=0,"",MIN(F7,I7,L7)) -> 50 | O7: =IF(COUNT(F7,I7,L7)=0,"",AVERAGE(F7,I7,L7)) -> 102.72333 | P7: =IF(COUNT(F7,I7,L7)=0,"",MEDIAN(F7,I7,L7)) -> 96.5 | Q7: =IF(COUNT(F7,I7,L7)=0,"",MAX(F7,I7,L7)) -> 161.67 | R7: 250 | S7: =IF(ISNUMBER(R7),ROUNDDOWN(R7*0.96,2),"—") -> 240 | T7: =IF(COUNT(F7,I7,L7)=0,"Sem cotação",ROUND(P7,2)) -> 96.5 | U7: =IF(AND(ISNUMBER(R7),ISNUMBER(T7)),T7/R7-1,"—") -> -0.614 | V7: =IF(ISNUMBER(T7),D7*T7,0) -> 2095980
A8: 6 | B8: Consulta especializada na área de UROLOGIA, em unidade móvel temporária | C8: Consulta | D8: 14480 | E8: SESA/ES – Credenciamento SRSV/NRA 001/2026 (consulta médica especializada adulto) | F8: 50 | G8: https://saude.es.gov.br/Media/sesa/Credenciamento/EDITAL%20SESA-SRSV-NRA%20001-26.pdf | H8: CISAME/MG – Tabela de Preços e Serviços 2026 (Credenciamento 01/2025, Contrato 10/2026) | I8: 103.2 | J8: https://www.cisame.mg.gov.br/compliance/tabela-de-precos-e-servicos/ | K8: Pref. Três Lagoas/MS – Edital de Credenciamento 002/2026 (valor único para todas as especialidades) | L8: 115 | M8: https://www.treslagoas.ms.gov.br/prefeitura-de-tres-lagoas-amplia-acesso-a-consultas-especializadas-com-novo-credenciamento-na-saude/ | N8: =IF(COUNT(F8,I8,L8)=0,"",MIN(F8,I8,L8)) -> 50 | O8: =IF(COUNT(F8,I8,L8)=0,"",AVERAGE(F8,I8,L8)) -> 89.4 | P8: =IF(COUNT(F8,I8,L8)=0,"",MEDIAN(F8,I8,L8)) -> 103.2 | Q8: =IF(COUNT(F8,I8,L8)=0,"",MAX(F8,I8,L8)) -> 115 | R8: 250 | S8: =IF(ISNUMBER(R8),ROUNDDOWN(R8*0.96,2),"—") -> 240 | T8: =IF(COUNT(F8,I8,L8)=0,"Sem cotação",ROUND(P8,2)) -> 103.2 | U8: =IF(AND(ISNUMBER(R8),ISNUMBER(T8)),T8/R8-1,"—") -> -0.5872 | V8: =IF(ISNUMBER(T8),D8*T8,0) -> 1494336
A9: 7 | B9: Consulta especializada na área de REUMATOLOGIA, em unidade móvel temporária | C9: Consulta | D9: 13575 | E9: SESA/ES – Credenciamento SRSV/NRA 001/2026 (consulta médica especializada adulto) | F9: 50 | G9: https://saude.es.gov.br/Media/sesa/Credenciamento/EDITAL%20SESA-SRSV-NRA%20001-26.pdf | H9: CISAME/MG – Tabela de Preços e Serviços 2026 (Credenciamento 01/2025, Contrato 10/2026) | I9: 101.56 | J9: https://www.cisame.mg.gov.br/compliance/tabela-de-precos-e-servicos/ | K9: Pref. Três Lagoas/MS – Edital de Credenciamento 002/2026 (valor único para todas as especialidades) | L9: 115 | M9: https://www.treslagoas.ms.gov.br/prefeitura-de-tres-lagoas-amplia-acesso-a-consultas-especializadas-com-novo-credenciamento-na-saude/ | N9: =IF(COUNT(F9,I9,L9)=0,"",MIN(F9,I9,L9)) -> 50 | O9: =IF(COUNT(F9,I9,L9)=0,"",AVERAGE(F9,I9,L9)) -> 88.853333 | P9: =IF(COUNT(F9,I9,L9)=0,"",MEDIAN(F9,I9,L9)) -> 101.56 | Q9: =IF(COUNT(F9,I9,L9)=0,"",MAX(F9,I9,L9)) -> 115 | R9: 250 | S9: =IF(ISNUMBER(R9),ROUNDDOWN(R9*0.96,2),"—") -> 240 | T9: =IF(COUNT(F9,I9,L9)=0,"Sem cotação",ROUND(P9,2)) -> 101.56 | U9: =IF(AND(ISNUMBER(R9),ISNUMBER(T9)),T9/R9-1,"—") -> -0.59376 | V9: =IF(ISNUMBER(T9),D9*T9,0) -> 1378677
A10: 8 | B10: Consulta especializada na área de PNEUMOLOGIA, em unidade móvel temporária | C10: Consulta | D10: 12670 | E10: SESA/ES – Credenciamento SRSV/NRA 001/2026 (consulta médica especializada adulto) | F10: 50 | G10: https://saude.es.gov.br/Media/sesa/Credenciamento/EDITAL%20SESA-SRSV-NRA%20001-26.pdf | H10: CISAME/MG – Tabela de Preços e Serviços 2026 (Credenciamento 01/2025, Contrato 10/2026) | I10: 116.67 | J10: https://www.cisame.mg.gov.br/compliance/tabela-de-precos-e-servicos/ | K10: Pref. Três Lagoas/MS – Edital de Credenciamento 002/2026 (valor único para todas as especialidades) | L10: 115 | M10: https://www.treslagoas.ms.gov.br/prefeitura-de-tres-lagoas-amplia-acesso-a-consultas-especializadas-com-novo-credenciamento-na-saude/ | N10: =IF(COUNT(F10,I10,L10)=0,"",MIN(F10,I10,L10)) -> 50 | O10: =IF(COUNT(F10,I10,L10)=0,"",AVERAGE(F10,I10,L10)) -> 93.89 | P10: =IF(COUNT(F10,I10,L10)=0,"",MEDIAN(F10,I10,L10)) -> 115 | Q10: =IF(COUNT(F10,I10,L10)=0,"",MAX(F10,I10,L10)) -> 116.67 | R10: 250 | S10: =IF(ISNUMBER(R10),ROUNDDOWN(R10*0.96,2),"—") -> 240 | T10: =IF(COUNT(F10,I10,L10)=0,"Sem cotação",ROUND(P10,2)) -> 115 | U10: =IF(AND(ISNUMBER(R10),ISNUMBER(T10)),T10/R10-1,"—") -> -0.54 | V10: =IF(ISNUMBER(T10),D10*T10,0) -> 1457050
A11: 9 | B11: Consulta especializada na área de PROCTOLOGIA, em unidade móvel temporária | C11: Consulta | D11: 11765 | E11: SESA/ES – Credenciamento SRSV/NRA 001/2026 (consulta médica especializada adulto) | F11: 50 | G11: https://saude.es.gov.br/Media/sesa/Credenciamento/EDITAL%20SESA-SRSV-NRA%20001-26.pdf | H11: CISAME/MG – Tabela de Preços e Serviços 2026 (Credenciamento 01/2025, Contrato 10/2026) (consulta médica especializada (valor geral da tabela)) | I11: 90 | J11: https://www.cisame.mg.gov.br/compliance/tabela-de-precos-e-servicos/ | K11: Pref. Três Lagoas/MS – Edital de Credenciamento 002/2026 (valor único para todas as especialidades) | L11: 115 | M11: https://www.treslagoas.ms.gov.br/prefeitura-de-tres-lagoas-amplia-acesso-a-consultas-especializadas-com-novo-credenciamento-na-saude/ | N11: =IF(COUNT(F11,I11,L11)=0,"",MIN(F11,I11,L11)) -> 50 | O11: =IF(COUNT(F11,I11,L11)=0,"",AVERAGE(F11,I11,L11)) -> 85 | P11: =IF(COUNT(F11,I11,L11)=0,"",MEDIAN(F11,I11,L11)) -> 90 | Q11: =IF(COUNT(F11,I11,L11)=0,"",MAX(F11,I11,L11)) -> 115 | R11: 250 | S11: =IF(ISNUMBER(R11),ROUNDDOWN(R11*0.96,2),"—") -> 240 | T11: =IF(COUNT(F11,I11,L11)=0,"Sem cotação",ROUND(P11,2)) -> 90 | U11: =IF(AND(ISNUMBER(R11),ISNUMBER(T11)),T11/R11-1,"—") -> -0.64 | V11: =IF(ISNUMBER(T11),D11*T11,0) -> 1058850
A12: 10 | B12: Consulta especializada na área de NEFROLOGIA, em unidade móvel temporária | C12: Consulta | D12: 10860 | E12: SESA/ES – Credenciamento SRSV/NRA 001/2026 (consulta médica especializada adulto) | F12: 50 | G12: https://saude.es.gov.br/Media/sesa/Credenciamento/EDITAL%20SESA-SRSV-NRA%20001-26.pdf | H12: CISPARA/MG – Tabela Oficial de Consultas, Procedimentos e Serviços jan/2026 | I12: 105.87 | J12: https://www.cispara.mg.gov.br/transparencia/tabela-oficial-de-procedimentos/tabela-oficial-de-procedimentos-2026/543-01-tabela-oficial-de-consultas-procedimentos-e-servicos-janeiro-de-2026/file | K12: Pref. Três Lagoas/MS – Edital de Credenciamento 002/2026 (valor único para todas as especialidades) | L12: 115 | M12: https://www.treslagoas.ms.gov.br/prefeitura-de-tres-lagoas-amplia-acesso-a-consultas-especializadas-com-novo-credenciamento-na-saude/ | N12: =IF(COUNT(F12,I12,L12)=0,"",MIN(F12,I12,L12)) -> 50 | O12: =IF(COUNT(F12,I12,L12)=0,"",AVERAGE(F12,I12,L12)) -> 90.29 | P12: =IF(COUNT(F12,I12,L12)=0,"",MEDIAN(F12,I12,L12)) -> 105.87 | Q12: =IF(COUNT(F12,I12,L12)=0,"",MAX(F12,I12,L12)) -> 115 | R12: 250 | S12: =IF(ISNUMBER(R12),ROUNDDOWN(R12*0.96,2),"—") -> 240 | T12: =IF(COUNT(F12,I12,L12)=0,"Sem cotação",ROUND(P12,2)) -> 105.87 | U12: =IF(AND(ISNUMBER(R12),ISNUMBER(T12)),T12/R12-1,"—") -> -0.57652 | V12: =IF(ISNUMBER(T12),D12*T12,0) -> 1149748.2
A13: 11 | B13: Consulta especializada na área de ANGIOLOGIA, em unidade móvel temporária | C13: Consulta | D13: 9955 | E13: SESA/ES – Credenciamento SRSV/NRA 001/2026 (consulta médica especializada adulto) | F13: 50 | G13: https://saude.es.gov.br/Media/sesa/Credenciamento/EDITAL%20SESA-SRSV-NRA%20001-26.pdf | H13: CISAME/MG – Tabela de Preços e Serviços 2026 (Credenciamento 01/2025, Contrato 10/2026) | I13: 106.1 | J13: https://www.cisame.mg.gov.br/compliance/tabela-de-precos-e-servicos/ | K13: Pref. Três Lagoas/MS – Edital de Credenciamento 002/2026 (valor único para todas as especialidades) | L13: 115 | M13: https://www.treslagoas.ms.gov.br/prefeitura-de-tres-lagoas-amplia-acesso-a-consultas-especializadas-com-novo-credenciamento-na-saude/ | N13: =IF(COUNT(F13,I13,L13)=0,"",MIN(F13,I13,L13)) -> 50 | O13: =IF(COUNT(F13,I13,L13)=0,"",AVERAGE(F13,I13,L13)) -> 90.366667 | P13: =IF(COUNT(F13,I13,L13)=0,"",MEDIAN(F13,I13,L13)) -> 106.1 | Q13: =IF(COUNT(F13,I13,L13)=0,"",MAX(F13,I13,L13)) -> 115 | R13: 250 | S13: =IF(ISNUMBER(R13),ROUNDDOWN(R13*0.96,2),"—") -> 240 | T13: =IF(COUNT(F13,I13,L13)=0,"Sem cotação",ROUND(P13,2)) -> 106.1 | U13: =IF(AND(ISNUMBER(R13),ISNUMBER(T13)),T13/R13-1,"—") -> -0.5756 | V13: =IF(ISNUMBER(T13),D13*T13,0) -> 1056225.5
A14: 12 | B14: Consulta especializada na área de GERIATRIA, em unidade móvel temporária | C14: Consulta | D14: 3620 | E14: SESA/ES – Credenciamento SRSV/NRA 001/2026 (consulta médica especializada adulto) | F14: 50 | G14: https://saude.es.gov.br/Media/sesa/Credenciamento/EDITAL%20SESA-SRSV-NRA%20001-26.pdf | H14: CISAME/MG – Tabela de Preços e Serviços 2026 (Credenciamento 01/2025, Contrato 10/2026) | I14: 97.63 | J14: https://www.cisame.mg.gov.br/compliance/tabela-de-precos-e-servicos/ | K14: Pref. Três Lagoas/MS – Edital de Credenciamento 002/2026 (valor único para todas as especialidades) | L14: 115 | M14: https://www.treslagoas.ms.gov.br/prefeitura-de-tres-lagoas-amplia-acesso-a-consultas-especializadas-com-novo-credenciamento-na-saude/ | N14: =IF(COUNT(F14,I14,L14)=0,"",MIN(F14,I14,L14)) -> 50 | O14: =IF(COUNT(F14,I14,L14)=0,"",AVERAGE(F14,I14,L14)) -> 87.543333 | P14: =IF(COUNT(F14,I14,L14)=0,"",MEDIAN(F14,I14,L14)) -> 97.63 | Q14: =IF(COUNT(F14,I14,L14)=0,"",MAX(F14,I14,L14)) -> 115 | R14: 250 | S14: =IF(ISNUMBER(R14),ROUNDDOWN(R14*0.96,2),"—") -> 240 | T14: =IF(COUNT(F14,I14,L14)=0,"Sem cotação",ROUND(P14,2)) -> 97.63 | U14: =IF(AND(ISNUMBER(R14),ISNUMBER(T14)),T14/R14-1,"—") -> -0.60948 | V14: =IF(ISNUMBER(T14),D14*T14,0) -> 353420.6
... A17: 15 | B17: Consulta especializada na área de CARDIOLOGIA, em unidade móvel temporária | C17: Consulta | D17: 2172 | E17: SESA/ES – Credenciamento SRSV/NRA 001/2026 (consulta médica especializada adulto) | F17: 50 | G17: https://saude.es.gov.br/Media/sesa/Credenciamento/EDITAL%20SESA-SRSV-NRA%20001-26.pdf | H17: CISAME/MG – Tabela de Preços e Serviços 2026 (Credenciamento 01/2025, Contrato 10/2026) | I17: 95.2 | J17: https://www.cisame.mg.gov.br/compliance/tabela-de-precos-e-servicos/ | K17: Pref. Iuiú/BA – Edital de Credenciamento 022/2026 | L17: 161.67 | M17: https://www.procede.api.br/publica/documentos/PRYXAMTCDSCNU-20260528-145706--!--CREDENCIAMENTO_MEDICOS_EDITAL_2026.pdf | N17: =IF(COUNT(F17,I17,L17)=0,"",MIN(F17,I17,L17)) -> 50 | O17: =IF(COUNT(F17,I17,L17)=0,"",AVERAGE(F17,I17,L17)) -> 102.29 | P17: =IF(COUNT(F17,I17,L17)=0,"",MEDIAN(F17,I17,L17)) -> 95.2 | Q17: =IF(COUNT(F17,I17,L17)=0,"",MAX(F17,I17,L17)) -> 161.67 | R17: 250 | S17: =IF(ISNUMBER(R17),ROUNDDOWN(R17*0.96,2),"—") -> 240 | T17: =IF(COUNT(F17,I17,L17)=0,"Sem cotação",ROUND(P17,2)) -> 95.2 | U17: =IF(AND(ISNUMBER(R17),ISNUMBER(T17)),T17/R17-1,"—") -> -0.6192 | V17: =IF(ISNUMBER(T17),D17*T17,0) -> 206774.4
B18: SUBTOTAL DO LOTE | V18: =SUM(V3:V17) -> 22868454

Sheet Lote 3 - Exames
A1: LOTE 3 – EXAMES DIAGNÓSTICOS (unidade móvel)
A2: Item | B2: Descrição | C2: Unid. | D2: Qtd. estimada | E2: Fonte 1 | F2: Valor 1 (R$) | G2: Link 1 | H2: Fonte 2 | I2: Valor 2 (R$) | J2: Link 2 | K2: Fonte 3 | L2: Valor 3 (R$) | M2: Link 3 | N2: Menor (R$) | O2: Média (R$) | P2: Mediana (R$) | Q2: Maior (R$) | R2: Valor ICISMEP – TSPS 2026, serviço em unidade móvel/itinerante (R$) | S2: Teto de verificação: ICISMEP − 4% (R$) | T2: Valor unit. referência (R$) | U2: Diferença ref. x ICISMEP (%) | V2: Valor total estimado (R$)
A3: 1 | B3: ULTRASSONOGRAFIA DE ABDOME TOTAL, em unidade móvel, com laudo | C3: Exame | D3: 65600 | E3: Pref. Sarapuí/SP – Ata de Registro de Preços (RM e USG) | F3: 115.05 | G3: https://www.sarapui.sp.gov.br/ata-registro-preco/page/1/download/839 | H3: CISPARA/MG – Tabela Oficial de Consultas, Procedimentos e Serviços jan/2026 | I3: 83.54 | J3: https://www.cispara.mg.gov.br/transparencia/tabela-oficial-de-procedimentos/tabela-oficial-de-procedimentos-2026/543-01-tabela-oficial-de-consultas-procedimentos-e-servicos-janeiro-de-2026/file | K3: CIM Expandida Sul – Tabela de valores vigente a partir de 01/01/2026 | L3: 60.72 | M3: https://www.cimexpandidasul.com.br/institucional/tabela-de-servicos/562-tabela-atualizada-01-01-2026/file | N3: =IF(COUNT(F3,I3,L3)=0,"",MIN(F3,I3,L3)) -> 60.72 | O3: =IF(COUNT(F3,I3,L3)=0,"",AVERAGE(F3,I3,L3)) -> 86.436667 | P3: =IF(COUNT(F3,I3,L3)=0,"",MEDIAN(F3,I3,L3)) -> 83.54 | Q3: =IF(COUNT(F3,I3,L3)=0,"",MAX(F3,I3,L3)) -> 115.05 | R3: 87.92 | S3: =IF(ISNUMBER(R3),ROUNDDOWN(R3*0.96,2),"—") -> 84.4 | T3: =IF(COUNT(F3,I3,L3)=0,"Sem cotação",ROUND(P3,2)) -> 83.54 | U3: =IF(AND(ISNUMBER(R3),ISNUMBER(T3)),T3/R3-1,"—") -> -0.049818016 | V3: =IF(ISNUMBER(T3),D3*T3,0) -> 5480224
A4: 2 | B4: ULTRASSONOGRAFIA TRANSVAGINAL (ENDOVAGINAL), em unidade móvel, com laudo | C4: Exame | D4: 10460 | E4: FMS Quilombo/SC – Credenciamento 05/2025 | F4: 90 | G4: https://quilombo.sc.gov.br/uploads/sites/96/2025/04/5-EDITAL-DE-CREDENCIAMENTO-05-2025-exames-imagem.pdf | H4: CISPARA/MG – Tabela Oficial de Consultas, Procedimentos e Serviços jan/2026 | I4: 77.4 | J4: https://www.cispara.mg.gov.br/transparencia/tabela-oficial-de-procedimentos/tabela-oficial-de-procedimentos-2026/543-01-tabela-oficial-de-consultas-procedimentos-e-servicos-janeiro-de-2026/file | K4: CISAMUSEP/PR – Tabela CISAMUSEP 2026 | L4: 53.07 | M4: https://www.cisamusep.org.br/uploads/arquivoChamamento/TABELA-CISAMUSEP-2026.pdf | N4: =IF(COUNT(F4,I4,L4)=0,"",MIN(F4,I4,L4)) -> 53.07 | O4: =IF(COUNT(F4,I4,L4)=0,"",AVERAGE(F4,I4,L4)) -> 73.49 | P4: =IF(COUNT(F4,I4,L4)=0,"",MEDIAN(F4,I4,L4)) -> 77.4 | Q4: =IF(COUNT(F4,I4,L4)=0,"",MAX(F4,I4,L4)) -> 90 | R4: 87.92 | S4: =IF(ISNUMBER(R4),ROUNDDOWN(R4*0.96,2),"—") -> 84.4 | T4: =IF(COUNT(F4,I4,L4)=0,"Sem cotação",ROUND(P4,2)) -> 77.4 | U4: =IF(AND(ISNUMBER(R4),ISNUMBER(T4)),T4/R4-1,"—") -> -0.11965423 | V4: =IF(ISNUMBER(T4),D4*T4,0) -> 809604
A5: 3 | B5: ULTRASSONOGRAFIA DE VIAS URINÁRIAS, em unidade móvel, com laudo | C5: Exame | D5: 21325 | E5: Pref. Sarapuí/SP – Ata de Registro de Preços (RM e USG) | F5: 62.79 | G5: https://www.sarapui.sp.gov.br/ata-registro-preco/page/1/download/839 | H5: CISPARA/MG – Tabela Oficial de Consultas, Procedimentos e Serviços jan/2026 (aparelho urinário) | I5: 81.87 | J5: https://www.cispara.mg.gov.br/transparencia/tabela-oficial-de-procedimentos/tabela-oficial-de-procedimentos-2026/543-01-tabela-oficial-de-consultas-procedimentos-e-servicos-janeiro-de-2026/file | K5: Pref. Lucas do Rio Verde/MT – Credenciamento 002/2026 (Inexig. 006/2026) (aparelho urinário) | L5: 89.72 | M5: https://lucasdorioverde.mt.gov.br/arquivos//licitacoes/3709/edital.pdf | N5: =IF(COUNT(F5,I5,L5)=0,"",MIN(F5,I5,L5)) -> 62.79 | O5: =IF(COUNT(F5,I5,L5)=0,"",AVERAGE(F5,I5,L5)) -> 78.126667 | P5: =IF(COUNT(F5,I5,L5)=0,"",MEDIAN(F5,I5,L5)) -> 81.87 | Q5: =IF(COUNT(F5,I5,L5)=0,"",MAX(F5,I5,L5)) -> 89.72 | R5: 87.92 | S5: =IF(ISNUMBER(R5),ROUNDDOWN(R5*0.96,2),"—") -> 84.4 | T5: =IF(COUNT(F5,I5,L5)=0,"Sem cotação",ROUND(P5,2)) -> 81.87 | U5: =IF(AND(ISNUMBER(R5),ISNUMBER(T5)),T5/R5-1,"—") -> -0.068812557 | V5: =IF(ISNUMBER(T5),D5*T5,0) -> 1745877.8
A6: 4 | B6: ULTRASSONOGRAFIA DE PRÓSTATA (VIA ABDOMINAL), em unidade móvel, com laudo | C6: Exame | D6: 10460 | E6: FMS Quilombo/SC – Credenciamento 05/2025 | F6: 90 | G6: https://quilombo.sc.gov.br/uploads/sites/96/2025/04/5-EDITAL-DE-CREDENCIAMENTO-05-2025-exames-imagem.pdf | H6: CISPARA/MG – Tabela Oficial de Consultas, Procedimentos e Serviços jan/2026 | I6: 71.28 | J6: https://www.cispara.mg.gov.br/transparencia/tabela-oficial-de-procedimentos/tabela-oficial-de-procedimentos-2026/543-01-tabela-oficial-de-consultas-procedimentos-e-servicos-janeiro-de-2026/file | K6: CIM Expandida Sul – Tabela de valores vigente a partir de 01/01/2026 | L6: 44.28 | M6: https://www.cimexpandidasul.com.br/institucional/tabela-de-servicos/562-tabela-atualizada-01-01-2026/file | N6: =IF(COUNT(F6,I6,L6)=0,"",MIN(F6,I6,L6)) -> 44.28 | O6: =IF(COUNT(F6,I6,L6)=0,"",AVERAGE(F6,I6,L6)) -> 68.52 | P6: =IF(COUNT(F6,I6,L6)=0,"",MEDIAN(F6,I6,L6)) -> 71.28 | Q6: =IF(COUNT(F6,I6,L6)=0,"",MAX(F6,I6,L6)) -> 90 | R6: 87.92 | S6: =IF(ISNUMBER(R6),ROUNDDOWN(R6*0.96,2),"—") -> 84.4 | T6: =IF(COUNT(F6,I6,L6)=0,"Sem cotação",ROUND(P6,2)) -> 71.28 | U6: =IF(AND(ISNUMBER(R6),ISNUMBER(T6)),T6/R6-1,"—") -> -0.18926297 | V6: =IF(ISNUMBER(T6),D6*T6,0) -> 745588.8
A7: 5 | B7: ECOCARDIOGRAMA TRANSTORÁCICO, em unidade móvel, com laudo | C7: Exame | D7: 14885 | E7: Fundação iNOVA Capixaba/ES – Pregão Eletrônico 068/2025 | F7: 211.26 | G7: https://inovacapixaba.es.gov.br/media/Editais/Licita%C3%A7%C3%A3o/Preg%C3%A3o/Edital_n%C2%BA_068_2025_2024_T5Q1Z_Servi%C3%A7os_M%C3%A9dicos_de_Ecocardiograma_REPUBL..pdf | H7: Pref. Paragominas/PA – Pregão Eletrônico 9/2026-000027 (ecocardiograma transtorácico com doppler) | I7: 244.92 | J7: https://pncp.gov.br/app/editais/05193057000178/2026/124 | K7: CISAME/MG – Tabela de Preços e Serviços 2026 (Credenciamento 01/2025, Contrato 10/2026) | L7: 190.45 | M7: https://www.cisame.mg.gov.br/compliance/tabela-de-precos-e-servicos/ | N7: =IF(COUNT(F7,I7,L7)=0,"",MIN(F7,I7,L7)) -> 190.45 | O7: =IF(COUNT(F7,I7,L7)=0,"",AVERAGE(F7,I7,L7)) -> 215.54333 | P7: =IF(COUNT(F7,I7,L7)=0,"",MEDIAN(F7,I7,L7)) -> 211.26 | Q7: =IF(COUNT(F7,I7,L7)=0,"",MAX(F7,I7,L7)) -> 244.92 | R7: Sem correspondente | S7: =IF(ISNUMBER(R7),ROUNDDOWN(R7*0.96,2),"—") -> — | T7: =IF(COUNT(F7,I7,L7)=0,"Sem cotação",ROUND(P7,2)) -> 211.26 | U7: =IF(AND(ISNUMBER(R7),ISNUMBER(T7)),T7/R7-1,"—") -> — | V7: =IF(ISNUMBER(T7),D7*T7,0) -> 3144605.1
A8: 6 | B8: DENSITOMETRIA ÓSSEA, em unidade móvel, com laudo | C8: Exame | D8: 3174 | E8: Pref. Foz do Jordão/PR – Credenciamento 008/2025 (corpo inteiro) | F8: 187.17 | G8: https://pncp.gov.br/pncp-api/v1/orgaos/01603719000180/compras/2025/95/arquivos/1 | H8: CIM Expandida Sul – Tabela de valores vigente a partir de 01/01/2026 | I8: 64.37 | J8: https://www.cimexpandidasul.com.br/institucional/tabela-de-servicos/562-tabela-atualizada-01-01-2026/file | K8: Pref. Praia Grande/SP – Tabela Oficial de Valores SESAP 2026 (coluna e/ou fêmur) | L8: 75 | M8: https://www.praiagrande.sp.gov.br/arquivos/ChamadaPublica/46047.pdf | N8: =IF(COUNT(F8,I8,L8)=0,"",MIN(F8,I8,L8)) -> 64.37 | O8: =IF(COUNT(F8,I8,L8)=0,"",AVERAGE(F8,I8,L8)) -> 108.84667 | P8: =IF(COUNT(F8,I8,L8)=0,"",MEDIAN(F8,I8,L8)) -> 75 | Q8: =IF(COUNT(F8,I8,L8)=0,"",MAX(F8,I8,L8)) -> 187.17 | R8: Sem correspondente | S8: =IF(ISNUMBER(R8),ROUNDDOWN(R8*0.96,2),"—") -> — | T8: =IF(COUNT(F8,I8,L8)=0,"Sem cotação",ROUND(P8,2)) -> 75 | U8: =IF(AND(ISNUMBER(R8),ISNUMBER(T8)),T8/R8-1,"—") -> — | V8: =IF(ISNUMBER(T8),D8*T8,0) -> 238050
A9: 7 | B9: ULTRASSONOGRAFIA DE MAMAS, em unidade móvel, com laudo | C9: Exame | D9: 4525 | E9: FMS Quilombo/SC – Credenciamento 05/2025 | F9: 90 | G9: https://quilombo.sc.gov.br/uploads/sites/96/2025/04/5-EDITAL-DE-CREDENCIAMENTO-05-2025-exames-imagem.pdf | H9: COPIRN – Tabela de Serviços de Saúde (publ. 01/2025) (mamária bilateral) | I9: 76.88 | J9: https://copirn.org.br/wp-content/uploads/2025/01/TABELA-DE-SERVICOS-DE-SAUDE-COPIRN-2.pdf | K9: CISAMUSEP/PR – Tabela CISAMUSEP 2026 (mamária bilateral) | L9: 47.76 | M9: https://www.cisamusep.org.br/uploads/arquivoChamamento/TABELA-CISAMUSEP-2026.pdf | N9: =IF(COUNT(F9,I9,L9)=0,"",MIN(F9,I9,L9)) -> 47.76 | O9: =IF(COUNT(F9,I9,L9)=0,"",AVERAGE(F9,I9,L9)) -> 71.546667 | P9: =IF(COUNT(F9,I9,L9)=0,"",MEDIAN(F9,I9,L9)) -> 76.88 | Q9: =IF(COUNT(F9,I9,L9)=0,"",MAX(F9,I9,L9)) -> 90 | R9: 87.92 | S9: =IF(ISNUMBER(R9),ROUNDDOWN(R9*0.96,2),"—") -> 84.4 | T9: =IF(COUNT(F9,I9,L9)=0,"Sem cotação",ROUND(P9,2)) -> 76.88 | U9: =IF(AND(ISNUMBER(R9),ISNUMBER(T9)),T9/R9-1,"—") -> -0.1255687 | V9: =IF(ISNUMBER(T9),D9*T9,0) -> 347882
A10: 8 | B10: ULTRASSONOGRAFIA DE AXILAS, em unidade móvel, com laudo | C10: Exame | D10: 4525 | E10: FMS Vargem/SC – Pregão Eletrônico 005/2025 (análogo: partes moles) | F10: 100.74 | G10: https://www.vargem.sc.gov.br/uploads/sites/94/2025/03/Edital-FMS-VRG-2025_013_PE_005_90023-Ultrassom.pdf | H10: COPIRN – Tabela de Serviços de Saúde (publ. 01/2025) (análogo: mamária bilateral) | I10: 76.88 | J10: https://copirn.org.br/wp-content/uploads/2025/01/TABELA-DE-SERVICOS-DE-SAUDE-COPIRN-2.pdf | K10: CISAMUSEP/PR – Tabela CISAMUSEP 2026 (análogo: mamária bilateral) | L10: 47.76 | M10: https://www.cisamusep.org.br/uploads/arquivoChamamento/TABELA-CISAMUSEP-2026.pdf | N10: =IF(COUNT(F10,I10,L10)=0,"",MIN(F10,I10,L10)) -> 47.76 | O10: =IF(COUNT(F10,I10,L10)=0,"",AVERAGE(F10,I10,L10)) -> 75.126667 | P10: =IF(COUNT(F10,I10,L10)=0,"",MEDIAN(F10,I10,L10)) -> 76.88 | Q10: =IF(COUNT(F10,I10,L10)=0,"",MAX(F10,I10,L10)) -> 100.74 | R10: 87.92 | S10: =IF(ISNUMBER(R10),ROUNDDOWN(R10*0.96,2),"—") -> 84.4 | T10: =IF(COUNT(F10,I10,L10)=0,"Sem cotação",ROUND(P10,2)) -> 76.88 | U10: =IF(AND(ISNUMBER(R10),ISNUMBER(T10)),T10/R10-1,"—") -> -0.1255687 | V10: =IF(ISNUMBER(T10),D10*T10,0) -> 347882
A11: 9 | B11: ULTRASSONOGRAFIA DE ARTICULAÇÕES/PARTES MOLES, em unidade móvel, com laudo | C11: Exame | D11: 54300 | E11: FMS Quilombo/SC – Credenciamento 05/2025 | F11: 95.31 | G11: https://quilombo.sc.gov.br/uploads/sites/96/2025/04/5-EDITAL-DE-CREDENCIAMENTO-05-2025-exames-imagem.pdf | H11: CISUM/MG – Credenciamento 2026 (ultrassonografias, sob demanda) (musculoesquelética/articulação) | I11: 80 | J11: https://ia.mabus.com.br/licitacao/6466406/credenciamento-consorcio-intermunicipal-de-saude-uniao-da-mata-leopoldina-mg | K11: CIM Expandida Sul – Tabela de valores vigente a partir de 01/01/2026 | L11: 54.87 | M11: https://www.cimexpandidasul.com.br/institucional/tabela-de-servicos/562-tabela-atualizada-01-01-2026/file | N11: =IF(COUNT(F11,I11,L11)=0,"",MIN(F11,I11,L11)) -> 54.87 | O11: =IF(COUNT(F11,I11,L11)=0,"",AVERAGE(F11,I11,L11)) -> 76.726667 | P11: =IF(COUNT(F11,I11,L11)=0,"",MEDIAN(F11,I11,L11)) -> 80 | Q11: =IF(COUNT(F11,I11,L11)=0,"",MAX(F11,I11,L11)) -> 95.31 | R11: 87.92 | S11: =IF(ISNUMBER(R11),ROUNDDOWN(R11*0.96,2),"—") -> 84.4 | T11: =IF(COUNT(F11,I11,L11)=0,"Sem cotação",ROUND(P11,2)) -> 80 | U11: =IF(AND(ISNUMBER(R11),ISNUMBER(T11)),T11/R11-1,"—") -> -0.090081893 | V11: =IF(ISNUMBER(T11),D11*T11,0) -> 4344000
B12: SUBTOTAL DO LOTE | V12: =SUM(V3:V11) -> 17203714

Sheet Lote 4 - Ressonancia
A1: LOTE 4 – RESSONÂNCIA MAGNÉTICA (unidade móvel)
A2: Item | B2: Descrição | C2: Unid. | D2: Qtd. estimada | E2: Fonte 1 | F2: Valor 1 (R$) | G2: Link 1 | H2: Fonte 2 | I2: Valor 2 (R$) | J2: Link 2 | K2: Fonte 3 | L2: Valor 3 (R$) | M2: Link 3 | N2: Menor (R$) | O2: Média (R$) | P2: Mediana (R$) | Q2: Maior (R$) | R2: Valor ICISMEP – TSPS 2026, serviço em unidade móvel/itinerante (R$) | S2: Teto de verificação: ICISMEP − 4% (R$) | T2: Valor unit. referência (R$) | U2: Diferença ref. x ICISMEP (%) | V2: Valor total estimado (R$)
A3: 1 | B3: RESSONÂNCIA MAGNÉTICA, em unidade móvel, valor único por exame independentemente da região anatômica | C3: Exame | D3: 27150 | E3: CIS Circuito das Águas/MG – Credenciamento 04/2025 (Proc. 054/2025), carreta itinerante (carreta itinerante) | F3: 420 | G3: https://pncp.gov.br/pncp-api/v1/orgaos/71203715000190/compras/2026/1/arquivos/1 | H3: Pref. Livramento de Nossa Senhora/BA – Chamamento Público 008/2026 (sem contraste) | I3: 400 | J3: https://pncp.gov.br/app/editais/13674817000197/2026/64 | K3: Pref. Iuiú/BA – Edital de Credenciamento 022/2026 (sem contraste) | L3: 543.33 | M3: https://www.procede.api.br/publica/documentos/PRYXAMTCDSCNU-20260528-145706--!--CREDENCIAMENTO_MEDICOS_EDITAL_2026.pdf | N3: =IF(COUNT(F3,I3,L3)=0,"",MIN(F3,I3,L3)) -> 400 | O3: =IF(COUNT(F3,I3,L3)=0,"",AVERAGE(F3,I3,L3)) -> 454.44333 | P3: =IF(COUNT(F3,I3,L3)=0,"",MEDIAN(F3,I3,L3)) -> 420 | Q3: =IF(COUNT(F3,I3,L3)=0,"",MAX(F3,I3,L3)) -> 543.33 | R3: Sem correspondente | S3: =IF(ISNUMBER(R3),ROUNDDOWN(R3*0.96,2),"—") -> — | T3: =IF(COUNT(F3,I3,L3)=0,"Sem cotação",ROUND(P3,2)) -> 420 | U3: =IF(AND(ISNUMBER(R3),ISNUMBER(T3)),T3/R3-1,"—") -> — | V3: =IF(ISNUMBER(T3),D3*T3,0) -> 11403000
A4: 2 | B4: CONTRASTE PARA RESSONÂNCIA MAGNÉTICA (meio de contraste, insumos e aplicação), vinculado ao item 1 | C4: Aplicação | D4: 4073 | E4: Pref. Sarapuí/SP – Ata de Registro de Preços (RM e USG) (diferença entre exame com e sem contraste) | F4: 77 | G4: https://www.sarapui.sp.gov.br/ata-registro-preco/page/1/download/839 | H4: Pref. Livramento de Nossa Senhora/BA – Chamamento Público 008/2026 (diferença: R$ 700,00 com contraste − R$ 400,00 sem) | I4: 300 | J4: https://pncp.gov.br/app/editais/13674817000197/2026/64 | K4: Pref. Iuiú/BA – Edital de Credenciamento 022/2026 (diferença: R$ 653,33 com contraste − R$ 543,33 sem) | L4: 110 | M4: https://www.procede.api.br/publica/documentos/PRYXAMTCDSCNU-20260528-145706--!--CREDENCIAMENTO_MEDICOS_EDITAL_2026.pdf | N4: =IF(COUNT(F4,I4,L4)=0,"",MIN(F4,I4,L4)) -> 77 | O4: =IF(COUNT(F4,I4,L4)=0,"",AVERAGE(F4,I4,L4)) -> 162.33333 | P4: =IF(COUNT(F4,I4,L4)=0,"",MEDIAN(F4,I4,L4)) -> 110 | Q4: =IF(COUNT(F4,I4,L4)=0,"",MAX(F4,I4,L4)) -> 300 | R4: Sem correspondente | S4: =IF(ISNUMBER(R4),ROUNDDOWN(R4*0.96,2),"—") -> — | T4: =IF(COUNT(F4,I4,L4)=0,"Sem cotação",ROUND(P4,2)) -> 110 | U4: =IF(AND(ISNUMBER(R4),ISNUMBER(T4)),T4/R4-1,"—") -> — | V4: =IF(ISNUMBER(T4),D4*T4,0) -> 448030
B5: SUBTOTAL DO LOTE | V5: =SUM(V3:V4) -> 11851030

Sheet Lote 5 - Odontologia
A1: LOTE 5 – ATENDIMENTOS E PROCEDIMENTOS ODONTOLÓGICOS (unidade móvel)
A2: Item | B2: Descrição | C2: Unid. | D2: Qtd. estimada | E2: Fonte 1 | F2: Valor 1 (R$) | G2: Link 1 | H2: Fonte 2 | I2: Valor 2 (R$) | J2: Link 2 | K2: Fonte 3 | L2: Valor 3 (R$) | M2: Link 3 | N2: Menor (R$) | O2: Média (R$) | P2: Mediana (R$) | Q2: Maior (R$) | R2: Valor ICISMEP – TSPS 2026, serviço em unidade móvel/itinerante (R$) | S2: Teto de verificação: ICISMEP − 4% (R$) | T2: Valor unit. referência (R$) | U2: Diferença ref. x ICISMEP (%) | V2: Valor total estimado (R$)
A3: 1 | B3: Consulta especializada em ODONTOLOGIA/SAÚDE BUCAL, em unidade móvel | C3: Consulta | D3: 90118 | E3: CIMINAS/MG – Termo de Contrato 741/2025 (Credenciamento 040/2025 – Sistema Carretas da Saúde), 30/09/2025 | F3: 66.5 | G3: https://ciminas.mg.gov.br | H3: Senado Federal/SIS – Tabela própria de credenciamento – Odontologia | I3: 90.1 | J3: https://www12.senado.leg.br/institucional/sis/pdfs/tabela-odontologia-v2-nv.pdf | K3: MPU/Plan-Assiste – Anexo V da Norma Complementar 50 (2026) | L3: 78.4 | M3: https://planassiste.mpu.mp.br/o-plan-assiste/normas/normas-cpmplementares/anexo_v_nc_50.pdf/@@download/file/Anexo_V_NC_50.pdf | N3: =IF(COUNT(F3,I3,L3)=0,"",MIN(F3,I3,L3)) -> 66.5 | O3: =IF(COUNT(F3,I3,L3)=0,"",AVERAGE(F3,I3,L3)) -> 78.333333 | P3: =IF(COUNT(F3,I3,L3)=0,"",MEDIAN(F3,I3,L3)) -> 78.4 | Q3: =IF(COUNT(F3,I3,L3)=0,"",MAX(F3,I3,L3)) -> 90.1 | R3: Sem correspondente | S3: =IF(ISNUMBER(R3),ROUNDDOWN(R3*0.96,2),"—") -> — | T3: =IF(COUNT(F3,I3,L3)=0,"Sem cotação",ROUND(P3,2)) -> 78.4 | U3: =IF(AND(ISNUMBER(R3),ISNUMBER(T3)),T3/R3-1,"—") -> — | V3: =IF(ISNUMBER(T3),D3*T3,0) -> 7065251.2
A4: 2 | B4: Atividade educativa em saúde bucal | C4: Procedimento | D4: 905 | E4: CIMINAS/MG – Termo de Contrato 741/2025 (Credenciamento 040/2025 – Sistema Carretas da Saúde), 30/09/2025 | F4: 53.8 | G4: https://ciminas.mg.gov.br | H4: Senado Federal/SIS – Tabela própria de credenciamento – Odontologia | I4: 76.05 | J4: https://www12.senado.leg.br/institucional/sis/pdfs/tabela-odontologia-v2-nv.pdf | K4: NUCLEP/MME – Tabela de Procedimentos Odontológicos | L4: 19 | M4: https://www.gov.br/mme/pt-br/assuntos/orgaos-vinculados/nuclep/plano-de-saude/orientacoes-ao-credenciado/TABELADEPROCEDIMENTOSODONTOLGICOS.pdf | N4: =IF(COUNT(F4,I4,L4)=0,"",MIN(F4,I4,L4)) -> 19 | O4: =IF(COUNT(F4,I4,L4)=0,"",AVERAGE(F4,I4,L4)) -> 49.616667 | P4: =IF(COUNT(F4,I4,L4)=0,"",MEDIAN(F4,I4,L4)) -> 53.8 | Q4: =IF(COUNT(F4,I4,L4)=0,"",MAX(F4,I4,L4)) -> 76.05 | R4: Sem correspondente | S4: =IF(ISNUMBER(R4),ROUNDDOWN(R4*0.96,2),"—") -> — | T4: =IF(COUNT(F4,I4,L4)=0,"Sem cotação",ROUND(P4,2)) -> 53.8 | U4: =IF(AND(ISNUMBER(R4),ISNUMBER(T4)),T4/R4-1,"—") -> — | V4: =IF(ISNUMBER(T4),D4*T4,0) -> 48689
A5: 3 | B5: Atividade educativa para pais e cuidadores | C5: Procedimento | D5: 905 | E5: CIMINAS/MG – Termo de Contrato 741/2025 (Credenciamento 040/2025 – Sistema Carretas da Saúde), 30/09/2025 (orientação de higiene bucal para pais/cuidadores) | F5: 53.8 | G5: https://ciminas.mg.gov.br | H5: Senado Federal/SIS – Tabela própria de credenciamento – Odontologia | I5: 76.05 | J5: https://www12.senado.leg.br/institucional/sis/pdfs/tabela-odontologia-v2-nv.pdf | K5: NUCLEP/MME – Tabela de Procedimentos Odontológicos (análogo) | L5: 19 | M5: https://www.gov.br/mme/pt-br/assuntos/orgaos-vinculados/nuclep/plano-de-saude/orientacoes-ao-credenciado/TABELADEPROCEDIMENTOSODONTOLGICOS.pdf | N5: =IF(COUNT(F5,I5,L5)=0,"",MIN(F5,I5,L5)) -> 19 | O5: =IF(COUNT(F5,I5,L5)=0,"",AVERAGE(F5,I5,L5)) -> 49.616667 | P5: =IF(COUNT(F5,I5,L5)=0,"",MEDIAN(F5,I5,L5)) -> 53.8 | Q5: =IF(COUNT(F5,I5,L5)=0,"",MAX(F5,I5,L5)) -> 76.05 | R5: Sem correspondente | S5: =IF(ISNUMBER(R5),ROUNDDOWN(R5*0.96,2),"—") -> — | T5: =IF(COUNT(F5,I5,L5)=0,"Sem cotação",ROUND(P5,2)) -> 53.8 | U5: =IF(AND(ISNUMBER(R5),ISNUMBER(T5)),T5/R5-1,"—") -> — | V5: =IF(ISNUMBER(T5),D5*T5,0) -> 48689
A6: 4 | B6: Adequação do meio bucal (por arcada) | C6: Procedimento | D6: 905 | E6: CIMINAS/MG – Termo de Contrato 741/2025 (Credenciamento 040/2025 – Sistema Carretas da Saúde), 30/09/2025 | F6: 69.5 | G6: https://ciminas.mg.gov.br | H6: Senado Federal/SIS – Tabela própria de credenciamento – Odontologia | I6: 98.27 | J6: https://www12.senado.leg.br/institucional/sis/pdfs/tabela-odontologia-v2-nv.pdf | K6: BC Saúde – Tabela de Reembolso Odontológico 2026 | L6: 83.97 | M6: https://www.bcb.gov.br/content/acessoinformacao/bcsaude_docs/Tabela_de_Reembolsos_procedimentos_odontologicos_2026.pdf | N6: =IF(COUNT(F6,I6,L6)=0,"",MIN(F6,I6,L6)) -> 69.5 | O6: =IF(COUNT(F6,I6,L6)=0,"",AVERAGE(F6,I6,L6)) -> 83.913333 | P6: =IF(COUNT(F6,I6,L6)=0,"",MEDIAN(F6,I6,L6)) -> 83.97 | Q6: =IF(COUNT(F6,I6,L6)=0,"",MAX(F6,I6,L6)) -> 98.27 | R6: Sem correspondente | S6: =IF(ISNUMBER(R6),ROUNDDOWN(R6*0.96,2),"—") -> — | T6: =IF(COUNT(F6,I6,L6)=0,"Sem cotação",ROUND(P6,2)) -> 83.97 | U6: =IF(AND(ISNUMBER(R6),ISNUMBER(T6)),T6/R6-1,"—") -> — | V6: =IF(ISNUMBER(T6),D6*T6,0) -> 75992.85
A7: 5 | B7: Ajuste oclusal por desgaste seletivo (por sessão) | C7: Procedimento | D7: 1376 | E7: CIMINAS/MG – Termo de Contrato 741/2025 (Credenciamento 040/2025 – Sistema Carretas da Saúde), 30/09/2025 | F7: 82.2 | G7: https://ciminas.mg.gov.br | H7: Senado Federal/SIS – Tabela própria de credenciamento – Odontologia | I7: 116.21 | J7: https://www12.senado.leg.br/institucional/sis/pdfs/tabela-odontologia-v2-nv.pdf | K7: — | N7: =IF(COUNT(F7,I7,L7)=0,"",MIN(F7,I7,L7)) -> 82.2 | O7: =IF(COUNT(F7,I7,L7)=0,"",AVERAGE(F7,I7,L7)) -> 99.205 | P7: =IF(COUNT(F7,I7,L7)=0,"",MEDIAN(F7,I7,L7)) -> 99.205 | Q7: =IF(COUNT(F7,I7,L7)=0,"",MAX(F7,I7,L7)) -> 116.21 | R7: Sem correspondente | S7: =IF(ISNUMBER(R7),ROUNDDOWN(R7*0.96,2),"—") -> — | T7: =IF(COUNT(F7,I7,L7)=0,"Sem cotação",ROUND(P7,2)) -> 99.21 | U7: =IF(AND(ISNUMBER(R7),ISNUMBER(T7)),T7/R7-1,"—") -> — | V7: =IF(ISNUMBER(T7),D7*T7,0) -> 136512.96
A8: 6 | B8: Aplicação de selante - Técnica invasiva (por elemento) | C8: Procedimento | D8: 1282 | E8: CIMINAS/MG – Termo de Contrato 741/2025 (Credenciamento 040/2025 – Sistema Carretas da Saúde), 30/09/2025 | F8: 80.7 | G8: https://ciminas.mg.gov.br | H8: Senado Federal/SIS – Tabela própria de credenciamento – Odontologia | I8: 109.36 | J8: https://www12.senado.leg.br/institucional/sis/pdfs/tabela-odontologia-v2-nv.pdf | K8: BC Saúde – Tabela de Procedimentos Odontológicos, Edital de Chamamento 2026 (selante por elemento) | L8: 43.9 | M8: https://www.bcb.gov.br/content/acessoinformacao/bcsaude_docs/Tabela_Procedimentos_Odontologicos_Edital_Chamamento_26.pdf | N8: =IF(COUNT(F8,I8,L8)=0,"",MIN(F8,I8,L8)) -> 43.9 | O8: =IF(COUNT(F8,I8,L8)=0,"",AVERAGE(F8,I8,L8)) -> 77.986667 | P8: =IF(COUNT(F8,I8,L8)=0,"",MEDIAN(F8,I8,L8)) -> 80.7 | Q8: =IF(COUNT(F8,I8,L8)=0,"",MAX(F8,I8,L8)) -> 109.36 | R8: Sem correspondente | S8: =IF(ISNUMBER(R8),ROUNDDOWN(R8*0.96,2),"—") -> — | T8: =IF(COUNT(F8,I8,L8)=0,"Sem cotação",ROUND(P8,2)) -> 80.7 | U8: =IF(AND(ISNUMBER(R8),ISNUMBER(T8)),T8/R8-1,"—") -> — | V8: =IF(ISNUMBER(T8),D8*T8,0) -> 103457.4
A9: 7 | B9: Aplicação tópica de flúor - por arcada | C9: Procedimento | D9: 14903 | E9: CIMINAS/MG – Termo de Contrato 741/2025 (Credenciamento 040/2025 – Sistema Carretas da Saúde), 30/09/2025 | F9: 66.5 | G9: https://ciminas.mg.gov.br | H9: Senado Federal/SIS – Tabela própria de credenciamento – Odontologia | I9: 90.1 | J9: https://www12.senado.leg.br/institucional/sis/pdfs/tabela-odontologia-v2-nv.pdf | K9: BC Saúde – Tabela de Procedimentos Odontológicos, Edital de Chamamento 2026 (verniz fluoretado, 4 hemiarcadas) | L9: 54.44 | M9: https://www.bcb.gov.br/content/acessoinformacao/bcsaude_docs/Tabela_Procedimentos_Odontologicos_Edital_Chamamento_26.pdf | N9: =IF(COUNT(F9,I9,L9)=0,"",MIN(F9,I9,L9)) -> 54.44 | O9: =IF(COUNT(F9,I9,L9)=0,"",AVERAGE(F9,I9,L9)) -> 70.346667 | P9: =IF(COUNT(F9,I9,L9)=0,"",MEDIAN(F9,I9,L9)) -> 66.5 | Q9: =IF(COUNT(F9,I9,L9)=0,"",MAX(F9,I9,L9)) -> 90.1 | R9: Sem correspondente | S9: =IF(ISNUMBER(R9),ROUNDDOWN(R9*0.96,2),"—") -> — | T9: =IF(COUNT(F9,I9,L9)=0,"Sem cotação",ROUND(P9,2)) -> 66.5 | U9: =IF(AND(ISNUMBER(R9),ISNUMBER(T9)),T9/R9-1,"—") -> — | V9: =IF(ISNUMBER(T9),D9*T9,0) -> 991049.5
A10: 8 | B10: Capeamento pulpar direto (excluindo restauração final) | C10: Procedimento | D10: 4471 | E10: CIMINAS/MG – Termo de Contrato 741/2025 (Credenciamento 040/2025 – Sistema Carretas da Saúde), 30/09/2025 | F10: 69.5 | G10: https://ciminas.mg.gov.br | H10: FioSaúde – Tabela Odontológica, vigência 02/04/2025 a 31/03/2026 | I10: 90 | J10: https://fiosaude.org.br/wp-content/uploads/2025/04/tabela_Odontologica_Fiosaude_2025-2026.pdf | K10: BC Saúde – Tabela de Reembolso Odontológico 2026 | L10: 82.42 | M10: https://www.bcb.gov.br/content/acessoinformacao/bcsaude_docs/Tabela_de_Reembolsos_procedimentos_odontologicos_2026.pdf | N10: =IF(COUNT(F10,I10,L10)=0,"",MIN(F10,I10,L10)) -> 69.5 | O10: =IF(COUNT(F10,I10,L10)=0,"",AVERAGE(F10,I10,L10)) -> 80.64 | P10: =IF(COUNT(F10,I10,L10)=0,"",MEDIAN(F10,I10,L10)) -> 82.42 | Q10: =IF(COUNT(F10,I10,L10)=0,"",MAX(F10,I10,L10)) -> 90 | R10: Sem correspondente | S10: =IF(ISNUMBER(R10),ROUNDDOWN(R10*0.96,2),"—") -> — | T10: =IF(COUNT(F10,I10,L10)=0,"Sem cotação",ROUND(P10,2)) -> 82.42 | U10: =IF(AND(ISNUMBER(R10),ISNUMBER(T10)),T10/R10-1,"—") -> — | V10: =IF(ISNUMBER(T10),D10*T10,0) -> 368499.82
A11: 9 | B11: Condicionamento em Odontologia | C11: Procedimento | D11: 905 | E11: CIMINAS/MG – Termo de Contrato 741/2025 (Credenciamento 040/2025 – Sistema Carretas da Saúde), 30/09/2025 | F11: 53.8 | G11: https://ciminas.mg.gov.br | H11: Senado Federal/SIS – Tabela própria de credenciamento – Odontologia | I11: 72.91 | J11: https://www12.senado.leg.br/institucional/sis/pdfs/tabela-odontologia-v2-nv.pdf | K11: FioSaúde – Tabela Odontológica, vigência 02/04/2025 a 31/03/2026 | L11: 73 | M11: https://fiosaude.org.br/wp-content/uploads/2025/04/tabela_Odontologica_Fiosaude_2025-2026.pdf | N11: =IF(COUNT(F11,I11,L11)=0,"",MIN(F11,I11,L11)) -> 53.8 | O11: =IF(COUNT(F11,I11,L11)=0,"",AVERAGE(F11,I11,L11)) -> 66.57 | P11: =IF(COUNT(F11,I11,L11)=0,"",MEDIAN(F11,I11,L11)) -> 72.91 | Q11: =IF(COUNT(F11,I11,L11)=0,"",MAX(F11,I11,L11)) -> 73 | R11: Sem correspondente | S11: =IF(ISNUMBER(R11),ROUNDDOWN(R11*0.96,2),"—") -> — | T11: =IF(COUNT(F11,I11,L11)=0,"Sem cotação",ROUND(P11,2)) -> 72.91 | U11: =IF(AND(ISNUMBER(R11),ISNUMBER(T11)),T11/R11-1,"—") -> — | V11: =IF(ISNUMBER(T11),D11*T11,0) -> 65983.55
A12: 10 | B12: Controle de biofilme (por sessão) | C12: Procedimento | D12: 905 | E12: CIMINAS/MG – Termo de Contrato 741/2025 (Credenciamento 040/2025 – Sistema Carretas da Saúde), 30/09/2025 | F12: 71 | G12: https://ciminas.mg.gov.br | H12: Senado Federal/SIS – Tabela própria de credenciamento – Odontologia | I12: 96.28 | J12: https://www12.senado.leg.br/institucional/sis/pdfs/tabela-odontologia-v2-nv.pdf | K12: STJ/Pró-Ser – Tabela Odontológica 2025 (vigência a partir de 01/03/2025) | L12: 48 | M12: https://www.stj.jus.br/sites/portalp/SiteAssets/Paginas/Sob-medida/Publico-interno/Pro-Ser/Informacoes-aos-credenciados/Tabela_Odontologica_PRECOS_2025.pdf | N12: =IF(COUNT(F12,I12,L12)=0,"",MIN(F12,I12,L12)) -> 48 | O12: =IF(COUNT(F12,I12,L12)=0,"",AVERAGE(F12,I12,L12)) -> 71.76 | P12: =IF(COUNT(F12,I12,L12)=0,"",MEDIAN(F12,I12,L12)) -> 71 | Q12: =IF(COUNT(F12,I12,L12)=0,"",MAX(F12,I12,L12)) -> 96.28 | R12: Sem correspondente | S12: =IF(ISNUMBER(R12),ROUNDDOWN(R12*0.96,2),"—") -> — | T12: =IF(COUNT(F12,I12,L12)=0,"Sem cotação",ROUND(P12,2)) -> 71 | U12: =IF(AND(ISNUMBER(R12),ISNUMBER(T12)),T12/R12-1,"—") -> — | V12: =IF(ISNUMBER(T12),D12*T12,0) -> 64255
A13: 11 | B13: Coroa provisória (por elemento) | C13: Procedimento | D13: 905 | E13: CIMINAS/MG – Termo de Contrato 741/2025 (Credenciamento 040/2025 – Sistema Carretas da Saúde), 30/09/2025 | F13: 101.25 | G13: https://ciminas.mg.gov.br | H13: FioSaúde – Tabela Odontológica, vigência 02/04/2025 a 31/03/2026 | I13: 104.5 | J13: https://fiosaude.org.br/wp-content/uploads/2025/04/tabela_Odontologica_Fiosaude_2025-2026.pdf | K13: STJ/Pró-Ser – Tabela Odontológica 2025 (vigência a partir de 01/03/2025) (sem pino) | L13: 167 | M13: https://www.stj.jus.br/sites/portalp/SiteAssets/Paginas/Sob-medida/Publico-interno/Pro-Ser/Informacoes-aos-credenciados/Tabela_Odontologica_PRECOS_2025.pdf | N13: =IF(COUNT(F13,I13,L13)=0,"",MIN(F13,I13,L13)) -> 101.25 | O13: =IF(COUNT(F13,I13,L13)=0,"",AVERAGE(F13,I13,L13)) -> 124.25 | P13: =IF(COUNT(F13,I13,L13)=0,"",MEDIAN(F13,I13,L13)) -> 104.5 | Q13: =IF(COUNT(F13,I13,L13)=0,"",MAX(F13,I13,L13)) -> 167 | R13: Sem correspondente | S13: =IF(ISNUMBER(R13),ROUNDDOWN(R13*0.96,2),"—") -> — | T13: =IF(COUNT(F13,I13,L13)=0,"Sem cotação",ROUND(P13,2)) -> 104.5 | U13: =IF(AND(ISNUMBER(R13),ISNUMBER(T13)),T13/R13-1,"—") -> — | V13: =IF(ISNUMBER(T13),D13*T13,0) -> 94572.5
A14: 12 | B14: Curativo de demora | C14: Procedimento | D14: 5083 | E14: CIMINAS/MG – Termo de Contrato 741/2025 (Credenciamento 040/2025 – Sistema Carretas da Saúde), 30/09/2025 | F14: 108.75 | G14: https://ciminas.mg.gov.br | H14: FioSaúde – Tabela Odontológica, vigência 02/04/2025 a 31/03/2026 | I14: 166 | J14: https://fiosaude.org.br/wp-content/uploads/2025/04/tabela_Odontologica_Fiosaude_2025-2026.pdf | K14: STJ/Pró-Ser – Tabela Odontológica 2025 (vigência a partir de 01/03/2025) | L14: 61 | M14: https://www.stj.jus.br/sites/portalp/SiteAssets/Paginas/Sob-medida/Publico-interno/Pro-Ser/Informacoes-aos-credenciados/Tabela_Odontologica_PRECOS_2025.pdf | N14: =IF(COUNT(F14,I14,L14)=0,"",MIN(F14,I14,L14)) -> 61 | O14: =IF(COUNT(F14,I14,L14)=0,"",AVERAGE(F14,I14,L14)) -> 111.91667 | P14: =IF(COUNT(F14,I14,L14)=0,"",MEDIAN(F14,I14,L14)) -> 108.75 | Q14: =IF(COUNT(F14,I14,L14)=0,"",MAX(F14,I14,L14)) -> 166 | R14: Sem correspondente | S14: =IF(ISNUMBER(R14),ROUNDDOWN(R14*0.96,2),"—") -> — | T14: =IF(COUNT(F14,I14,L14)=0,"Sem cotação",ROUND(P14,2)) -> 108.75 | U14: =IF(AND(ISNUMBER(R14),ISNUMBER(T14)),T14/R14-1,"—") -> — | V14: =IF(ISNUMBER(T14),D14*T14,0) -> 552776.25
A15: 13 | B15: Estabelecimento de vínculo com paciente idoso independente (por sessão) | C15: Procedimento | D15: 905 | E15: CIMINAS/MG – Termo de Contrato 741/2025 (Credenciamento 040/2025 – Sistema Carretas da Saúde), 30/09/2025 (análogo: vínculo com idoso/cuidador) | F15: 66.5 | G15: https://ciminas.mg.gov.br | H15: — | K15: — | N15: =IF(COUNT(F15,I15,L15)=0,"",MIN(F15,I15,L15)) -> 66.5 | O15: =IF(COUNT(F15,I15,L15)=0,"",AVERAGE(F15,I15,L15)) -> 66.5 | P15: =IF(COUNT(F15,I15,L15)=0,"",MEDIAN(F15,I15,L15)) -> 66.5 | Q15: =IF(COUNT(F15,I15,L15)=0,"",MAX(F15,I15,L15)) -> 66.5 | R15: Sem correspondente | S15: =IF(ISNUMBER(R15),ROUNDDOWN(R15*0.96,2),"—") -> — | T15: =IF(COUNT(F15,I15,L15)=0,"Sem cotação",ROUND(P15,2)) -> 66.5 | U15: =IF(AND(ISNUMBER(R15),ISNUMBER(T15)),T15/R15-1,"—") -> — | V15: =IF(ISNUMBER(T15),D15*T15,0) -> 60182.5
A16: 14 | B16: Estabelecimento de vínculo com paciente idoso parcialmente dependente (por sessão) | C16: Procedimento | D16: 905 | E16: CIMINAS/MG – Termo de Contrato 741/2025 (Credenciamento 040/2025 – Sistema Carretas da Saúde), 30/09/2025 | F16: 82.2 | G16: https://ciminas.mg.gov.br | H16: — | K16: — | N16: =IF(COUNT(F16,I16,L16)=0,"",MIN(F16,I16,L16)) -> 82.2 | O16: =IF(COUNT(F16,I16,L16)=0,"",AVERAGE(F16,I16,L16)) -> 82.2 | P16: =IF(COUNT(F16,I16,L16)=0,"",MEDIAN(F16,I16,L16)) -> 82.2 | Q16: =IF(COUNT(F16,I16,L16)=0,"",MAX(F16,I16,L16)) -> 82.2 | R16: Sem correspondente | S16: =IF(ISNUMBER(R16),ROUNDDOWN(R16*0.96,2),"—") -> — | T16: =IF(COUNT(F16,I16,L16)=0,"Sem cotação",ROUND(P16,2)) -> 82.2 | U16: =IF(AND(ISNUMBER(R16),ISNUMBER(T16)),T16/R16-1,"—") -> — | V16: =IF(ISNUMBER(T16),D16*T16,0) -> 74391
A17: 15 | B17: Estabelecimento de vínculo com paciente com necessidades especiais (por sessão) | C17: Procedimento | D17: 905 | E17: CIMINAS/MG – Termo de Contrato 741/2025 (Credenciamento 040/2025 – Sistema Carretas da Saúde), 30/09/2025 (análogo: idoso totalmente dependente) | F17: 107.6 | G17: https://ciminas.mg.gov.br | H17: — | K17: — | N17: =IF(COUNT(F17,I17,L17)=0,"",MIN(F17,I17,L17)) -> 107.6 | O17: =IF(COUNT(F17,I17,L17)=0,"",AVERAGE(F17,I17,L17)) -> 107.6 | P17: =IF(COUNT(F17,I17,L17)=0,"",MEDIAN(F17,I17,L17)) -> 107.6 | Q17: =IF(COUNT(F17,I17,L17)=0,"",MAX(F17,I17,L17)) -> 107.6 | R17: Sem correspondente | S17: =IF(ISNUMBER(R17),ROUNDDOWN(R17*0.96,2),"—") -> — | T17: =IF(COUNT(F17,I17,L17)=0,"Sem cotação",ROUND(P17,2)) -> 107.6 | U17: =IF(AND(ISNUMBER(R17),ISNUMBER(T17)),T17/R17-1,"—") -> — | V17: =IF(ISNUMBER(T17),D17*T17,0) -> 97378
A18: 16 | B18: Estabelecimento de vínculo com paciente idoso totalmente dependente (por sessão) | C18: Procedimento | D18: 905 | E18: CIMINAS/MG – Termo de Contrato 741/2025 (Credenciamento 040/2025 – Sistema Carretas da Saúde), 30/09/2025 | F18: 107.6 | G18: https://ciminas.mg.gov.br | H18: — | K18: — | N18: =IF(COUNT(F18,I18,L18)=0,"",MIN(F18,I18,L18)) -> 107.6 | O18: =IF(COUNT(F18,I18,L18)=0,"",AVERAGE(F18,I18,L18)) -> 107.6 | P18: =IF(COUNT(F18,I18,L18)=0,"",MEDIAN(F18,I18,L18)) -> 107.6 | Q18: =IF(COUNT(F18,I18,L18)=0,"",MAX(F18,I18,L18)) -> 107.6 | R18: Sem correspondente | S18: =IF(ISNUMBER(R18),ROUNDDOWN(R18*0.96,2),"—") -> — | T18: =IF(COUNT(F18,I18,L18)=0,"Sem cotação",ROUND(P18,2)) -> 107.6 | U18: =IF(AND(ISNUMBER(R18),ISNUMBER(T18)),T18/R18-1,"—") -> — | V18: =IF(ISNUMBER(T18),D18*T18,0) -> 97378
A19: 17 | B19: Estabelecimento de vínculo com paciente idoso, com cuidador de paciente idoso ou com cuidador de paciente com necessidades especiais | C19: Procedimento | D19: 905 | E19: CIMINAS/MG – Termo de Contrato 741/2025 (Credenciamento 040/2025 – Sistema Carretas da Saúde), 30/09/2025 | F19: 66.5 | G19: https://ciminas.mg.gov.br | H19: — | K19: — | N19: =IF(COUNT(F19,I19,L19)=0,"",MIN(F19,I19,L19)) -> 66.5 | O19: =IF(COUNT(F19,I19,L19)=0,"",AVERAGE(F19,I19,L19)) -> 66.5 | P19: =IF(COUNT(F19,I19,L19)=0,"",MEDIAN(F19,I19,L19)) -> 66.5 | Q19: =IF(COUNT(F19,I19,L19)=0,"",MAX(F19,I19,L19)) -> 66.5 | R19: Sem correspondente | S19: =IF(ISNUMBER(R19),ROUNDDOWN(R19*0.96,2),"—") -> — | T19: =IF(COUNT(F19,I19,L19)=0,"Sem cotação",ROUND(P19,2)) -> 66.5 | U19: =IF(AND(ISNUMBER(R19),ISNUMBER(T19)),T19/R19-1,"—") -> — | V19: =IF(ISNUMBER(T19),D19*T19,0) -> 60182.5
A20: 18 | B20: Estabilização do paciente por meio de contenção física e/ou mecânica | C20: Procedimento | D20: 905 | E20: CIMINAS/MG – Termo de Contrato 741/2025 (Credenciamento 040/2025 – Sistema Carretas da Saúde), 30/09/2025 | F20: 107.6 | G20: https://ciminas.mg.gov.br | H20: — | K20: — | N20: =IF(COUNT(F20,I20,L20)=0,"",MIN(F20,I20,L20)) -> 107.6 | O20: =IF(COUNT(F20,I20,L20)=0,"",AVERAGE(F20,I20,L20)) -> 107.6 | P20: =IF(COUNT(F20,I20,L20)=0,"",MEDIAN(F20,I20,L20)) -> 107.6 | Q20: =IF(COUNT(F20,I20,L20)=0,"",MAX(F20,I20,L20)) -> 107.6 | R20: Sem correspondente | S20: =IF(ISNUMBER(R20),ROUNDDOWN(R20*0.96,2),"—") -> — | T20: =IF(COUNT(F20,I20,L20)=0,"Sem cotação",ROUND(P20,2)) -> 107.6 | U20: =IF(AND(ISNUMBER(R20),ISNUMBER(T20)),T20/R20-1,"—") -> — | V20: =IF(ISNUMBER(T20),D20*T20,0) -> 97378
A21: 19 | B21: Exodontia a retalho | C21: Procedimento | D21: 3092 | E21: CIMINAS/MG – Termo de Contrato 741/2025 (Credenciamento 040/2025 – Sistema Carretas da Saúde), 30/09/2025 | F21: 124.8 | G21: https://ciminas.mg.gov.br | H21: MPU/Plan-Assiste – Anexo V da Norma Complementar 50 (2026) | I21: 127.89 | J21: https://planassiste.mpu.mp.br/o-plan-assiste/normas/normas-cpmplementares/anexo_v_nc_50.pdf/@@download/file/Anexo_V_NC_50.pdf | K21: FioSaúde – Tabela Odontológica, vigência 02/04/2025 a 31/03/2026 | L21: 123.5 | M21: https://fiosaude.org.br/wp-content/uploads/2025/04/tabela_Odontologica_Fiosaude_2025-2026.pdf | N21: =IF(COUNT(F21,I21,L21)=0,"",MIN(F21,I21,L21)) -> 123.5 | O21: =IF(COUNT(F21,I21,L21)=0,"",AVERAGE(F21,I21,L21)) -> 125.39667 | P21: =IF(COUNT(F21,I21,L21)=0,"",MEDIAN(F21,I21,L21)) -> 124.8 | Q21: =IF(COUNT(F21,I21,L21)=0,"",MAX(F21,I21,L21)) -> 127.89 | R21: Sem correspondente | S21: =IF(ISNUMBER(R21),ROUNDDOWN(R21*0.96,2),"—") -> — | T21: =IF(COUNT(F21,I21,L21)=0,"Sem cotação",ROUND(P21,2)) -> 124.8 | U21: =IF(AND(ISNUMBER(R21),ISNUMBER(T21)),T21/R21-1,"—") -> — | V21: =IF(ISNUMBER(T21),D21*T21,0) -> 385881.6
A22: 20 | B22: Exodontia de dente decíduo | C22: Procedimento | D22: 10860 | E22: CIMINAS/MG – Termo de Contrato 741/2025 (Credenciamento 040/2025 – Sistema Carretas da Saúde), 30/09/2025 | F22: 68 | G22: https://ciminas.mg.gov.br | H22: FioSaúde – Tabela Odontológica, vigência 02/04/2025 a 31/03/2026 | I22: 70.5 | J22: https://fiosaude.org.br/wp-content/uploads/2025/04/tabela_Odontologica_Fiosaude_2025-2026.pdf | K22: BC Saúde – Tabela de Procedimentos Odontológicos, Edital de Chamamento 2026 | L22: 53.28 | M22: https://www.bcb.gov.br/content/acessoinformacao/bcsaude_docs/Tabela_Procedimentos_Odontologicos_Edital_Chamamento_26.pdf | N22: =IF(COUNT(F22,I22,L22)=0,"",MIN(F22,I22,L22)) -> 53.28 | O22: =IF(COUNT(F22,I22,L22)=0,"",AVERAGE(F22,I22,L22)) -> 63.926667 | P22: =IF(COUNT(F22,I22,L22)=0,"",MEDIAN(F22,I22,L22)) -> 68 | Q22: =IF(COUNT(F22,I22,L22)=0,"",MAX(F22,I22,L22)) -> 70.5 | R22: Sem correspondente | S22: =IF(ISNUMBER(R22),ROUNDDOWN(R22*0.96,2),"—") -> — | T22: =IF(COUNT(F22,I22,L22)=0,"Sem cotação",ROUND(P22,2)) -> 68 | U22: =IF(AND(ISNUMBER(R22),ISNUMBER(T22)),T22/R22-1,"—") -> — | V22: =IF(ISNUMBER(T22),D22*T22,0) -> 738480
A23: 21 | B23: Exodontia de dente permanente | C23: Procedimento | D23: 181 | E23: CIMINAS/MG – Termo de Contrato 741/2025 (Credenciamento 040/2025 – Sistema Carretas da Saúde), 30/09/2025 | F23: 104.25 | G23: https://ciminas.mg.gov.br | H23: FioSaúde – Tabela Odontológica, vigência 02/04/2025 a 31/03/2026 | I23: 99 | J23: https://fiosaude.org.br/wp-content/uploads/2025/04/tabela_Odontologica_Fiosaude_2025-2026.pdf | K23: MPU/Plan-Assiste – Anexo V da Norma Complementar 50 (2026) | L23: 98.49 | M23: https://planassiste.mpu.mp.br/o-plan-assiste/normas/normas-cpmplementares/anexo_v_nc_50.pdf/@@download/file/Anexo_V_NC_50.pdf | N23: =IF(COUNT(F23,I23,L23)=0,"",MIN(F23,I23,L23)) -> 98.49 | O23: =IF(COUNT(F23,I23,L23)=0,"",AVERAGE(F23,I23,L23)) -> 100.58 | P23: =IF(COUNT(F23,I23,L23)=0,"",MEDIAN(F23,I23,L23)) -> 99 | Q23: =IF(COUNT(F23,I23,L23)=0,"",MAX(F23,I23,L23)) -> 104.25 | R23: Sem correspondente | S23: =IF(ISNUMBER(R23),ROUNDDOWN(R23*0.96,2),"—") -> — | T23: =IF(COUNT(F23,I23,L23)=0,"Sem cotação",ROUND(P23,2)) -> 99 | U23: =IF(AND(ISNUMBER(R23),ISNUMBER(T23)),T23/R23-1,"—") -> — | V23: =IF(ISNUMBER(T23),D23*T23,0) -> 17919
A24: 22 | B24: Exodontia de permanente por indicação ortodôntica/protética | C24: Procedimento | D24: 2528 | E24: CIMINAS/MG – Termo de Contrato 741/2025 (Credenciamento 040/2025 – Sistema Carretas da Saúde), 30/09/2025 | F24: 124.8 | G24: https://ciminas.mg.gov.br | H24: FioSaúde – Tabela Odontológica, vigência 02/04/2025 a 31/03/2026 (análogo: exodontia simples de permanente) | I24: 99 | J24: https://fiosaude.org.br/wp-content/uploads/2025/04/tabela_Odontologica_Fiosaude_2025-2026.pdf | K24: MPU/Plan-Assiste – Anexo V da Norma Complementar 50 (2026) (análogo: exodontia simples de permanente) | L24: 98.49 | M24: https://planassiste.mpu.mp.br/o-plan-assiste/normas/normas-cpmplementares/anexo_v_nc_50.pdf/@@download/file/Anexo_V_NC_50.pdf | N24: =IF(COUNT(F24,I24,L24)=0,"",MIN(F24,I24,L24)) -> 98.49 | O24: =IF(COUNT(F24,I24,L24)=0,"",AVERAGE(F24,I24,L24)) -> 107.43 | P24: =IF(COUNT(F24,I24,L24)=0,"",MEDIAN(F24,I24,L24)) -> 99 | Q24: =IF(COUNT(F24,I24,L24)=0,"",MAX(F24,I24,L24)) -> 124.8 | R24: Sem correspondente | S24: =IF(ISNUMBER(R24),ROUNDDOWN(R24*0.96,2),"—") -> — | T24: =IF(COUNT(F24,I24,L24)=0,"Sem cotação",ROUND(P24,2)) -> 99 | U24: =IF(AND(ISNUMBER(R24),ISNUMBER(T24)),T24/R24-1,"—") -> — | V24: =IF(ISNUMBER(T24),D24*T24,0) -> 250272
A25: 23 | B25: Exodontia de raiz residual | C25: Procedimento | D25: 97 | E25: CIMINAS/MG – Termo de Contrato 741/2025 (Credenciamento 040/2025 – Sistema Carretas da Saúde), 30/09/2025 | F25: 104.25 | G25: https://ciminas.mg.gov.br | H25: STJ/Pró-Ser – Tabela Odontológica 2025 (vigência a partir de 01/03/2025) | I25: 113 | J25: https://www.stj.jus.br/sites/portalp/SiteAssets/Paginas/Sob-medida/Publico-interno/Pro-Ser/Informacoes-aos-credenciados/Tabela_Odontologica_PRECOS_2025.pdf | K25: MPU/Plan-Assiste – Anexo V da Norma Complementar 50 (2026) | L25: 100.45 | M25: https://planassiste.mpu.mp.br/o-plan-assiste/normas/normas-cpmplementares/anexo_v_nc_50.pdf/@@download/file/Anexo_V_NC_50.pdf | N25: =IF(COUNT(F25,I25,L25)=0,"",MIN(F25,I25,L25)) -> 100.45 | O25: =IF(COUNT(F25,I25,L25)=0,"",AVERAGE(F25,I25,L25)) -> 105.9 | P25: =IF(COUNT(F25,I25,L25)=0,"",MEDIAN(F25,I25,L25)) -> 104.25 | Q25: =IF(COUNT(F25,I25,L25)=0,"",MAX(F25,I25,L25)) -> 113 | R25: Sem correspondente | S25: =IF(ISNUMBER(R25),ROUNDDOWN(R25*0.96,2),"—") -> — | T25: =IF(COUNT(F25,I25,L25)=0,"Sem cotação",ROUND(P25,2)) -> 104.25 | U25: =IF(AND(ISNUMBER(R25),ISNUMBER(T25)),T25/R25-1,"—") -> — | V25: =IF(ISNUMBER(T25),D25*T25,0) -> 10112.25
A26: 24 | B26: Frenulotomia labial | C26: Procedimento | D26: 102 | E26: CIMINAS/MG – Termo de Contrato 741/2025 (Credenciamento 040/2025 – Sistema Carretas da Saúde), 30/09/2025 | F26: 139.6 | G26: https://ciminas.mg.gov.br | H26: FioSaúde – Tabela Odontológica, vigência 02/04/2025 a 31/03/2026 (frenulectomia labial) | I26: 152 | J26: https://fiosaude.org.br/wp-content/uploads/2025/04/tabela_Odontologica_Fiosaude_2025-2026.pdf | K26: NUCLEP/MME – Tabela de Procedimentos Odontológicos | L26: 82.5 | M26: https://www.gov.br/mme/pt-br/assuntos/orgaos-vinculados/nuclep/plano-de-saude/orientacoes-ao-credenciado/TABELADEPROCEDIMENTOSODONTOLGICOS.pdf | N26: =IF(COUNT(F26,I26,L26)=0,"",MIN(F26,I26,L26)) -> 82.5 | O26: =IF(COUNT(F26,I26,L26)=0,"",AVERAGE(F26,I26,L26)) -> 124.7 | P26: =IF(COUNT(F26,I26,L26)=0,"",MEDIAN(F26,I26,L26)) -> 139.6 | Q26: =IF(COUNT(F26,I26,L26)=0,"",MAX(F26,I26,L26)) -> 152 | R26: Sem correspondente | S26: =IF(ISNUMBER(R26),ROUNDDOWN(R26*0.96,2),"—") -> — | T26: =IF(COUNT(F26,I26,L26)=0,"Sem cotação",ROUND(P26,2)) -> 139.6 | U26: =IF(AND(ISNUMBER(R26),ISNUMBER(T26)),T26/R26-1,"—") -> — | V26: =IF(ISNUMBER(T26),D26*T26,0) -> 14239.2
A27: 25 | B27: Frenulotomia lingual | C27: Procedimento | D27: 48 | E27: CIMINAS/MG – Termo de Contrato 741/2025 (Credenciamento 040/2025 – Sistema Carretas da Saúde), 30/09/2025 | F27: 171.35 | G27: https://ciminas.mg.gov.br | H27: FioSaúde – Tabela Odontológica, vigência 02/04/2025 a 31/03/2026 (frenulectomia lingual) | I27: 166 | J27: https://fiosaude.org.br/wp-content/uploads/2025/04/tabela_Odontologica_Fiosaude_2025-2026.pdf | K27: NUCLEP/MME – Tabela de Procedimentos Odontológicos | L27: 82.5 | M27: https://www.gov.br/mme/pt-br/assuntos/orgaos-vinculados/nuclep/plano-de-saude/orientacoes-ao-credenciado/TABELADEPROCEDIMENTOSODONTOLGICOS.pdf | N27: =IF(COUNT(F27,I27,L27)=0,"",MIN(F27,I27,L27)) -> 82.5 | O27: =IF(COUNT(F27,I27,L27)=0,"",AVERAGE(F27,I27,L27)) -> 139.95 | P27: =IF(COUNT(F27,I27,L27)=0,"",MEDIAN(F27,I27,L27)) -> 166 | Q27: =IF(COUNT(F27,I27,L27)=0,"",MAX(F27,I27,L27)) -> 171.35 | R27: Sem correspondente | S27: =IF(ISNUMBER(R27),ROUNDDOWN(R27*0.96,2),"—") -> — | T27: =IF(COUNT(F27,I27,L27)=0,"Sem cotação",ROUND(P27,2)) -> 166 | U27: =IF(AND(ISNUMBER(R27),ISNUMBER(T27)),T27/R27-1,"—") -> — | V27: =IF(ISNUMBER(T27),D27*T27,0) -> 7968
A28: 26 | B28: Gengivectomia (por sextante) | C28: Procedimento | D28: 905 | E28: CIMINAS/MG – Termo de Contrato 741/2025 (Credenciamento 040/2025 – Sistema Carretas da Saúde), 30/09/2025 | F28: 235.75 | G28: https://ciminas.mg.gov.br | H28: FioSaúde – Tabela Odontológica, vigência 02/04/2025 a 31/03/2026 | I28: 200.5 | J28: https://fiosaude.org.br/wp-content/uploads/2025/04/tabela_Odontologica_Fiosaude_2025-2026.pdf | K28: — | N28: =IF(COUNT(F28,I28,L28)=0,"",MIN(F28,I28,L28)) -> 200.5 | O28: =IF(COUNT(F28,I28,L28)=0,"",AVERAGE(F28,I28,L28)) -> 218.125 | P28: =IF(COUNT(F28,I28,L28)=0,"",MEDIAN(F28,I28,L28)) -> 218.125 | Q28: =IF(COUNT(F28,I28,L28)=0,"",MAX(F28,I28,L28)) -> 235.75 | R28: Sem correspondente | S28: =IF(ISNUMBER(R28),ROUNDDOWN(R28*0.96,2),"—") -> — | T28: =IF(COUNT(F28,I28,L28)=0,"Sem cotação",ROUND(P28,2)) -> 218.13 | U28: =IF(AND(ISNUMBER(R28),ISNUMBER(T28)),T28/R28-1,"—") -> — | V28: =IF(ISNUMBER(T28),D28*T28,0) -> 197407.65
A29: 27 | B29: Gengivoplastia (por sextante) | C29: Procedimento | D29: 48 | E29: CIMINAS/MG – Termo de Contrato 741/2025 (Credenciamento 040/2025 – Sistema Carretas da Saúde), 30/09/2025 | F29: 136 | G29: https://ciminas.mg.gov.br | H29: — | K29: — | N29: =IF(COUNT(F29,I29,L29)=0,"",MIN(F29,I29,L29)) -> 136 | O29: =IF(COUNT(F29,I29,L29)=0,"",AVERAGE(F29,I29,L29)) -> 136 | P29: =IF(COUNT(F29,I29,L29)=0,"",MEDIAN(F29,I29,L29)) -> 136 | Q29: =IF(COUNT(F29,I29,L29)=0,"",MAX(F29,I29,L29)) -> 136 | R29: Sem correspondente | S29: =IF(ISNUMBER(R29),ROUNDDOWN(R29*0.96,2),"—") -> — | T29: =IF(COUNT(F29,I29,L29)=0,"Sem cotação",ROUND(P29,2)) -> 136 | U29: =IF(AND(ISNUMBER(R29),ISNUMBER(T29)),T29/R29-1,"—") -> — | V29: =IF(ISNUMBER(T29),D29*T29,0) -> 6528
A30: 28 | B30: Odontosecção / radilectomia / tunelização | C30: Procedimento | D30: 905 | E30: CIMINAS/MG – Termo de Contrato 741/2025 (Credenciamento 040/2025 – Sistema Carretas da Saúde), 30/09/2025 | F30: 110.25 | G30: https://ciminas.mg.gov.br | H30: Senado Federal/SIS – Tabela própria de credenciamento – Odontologia | I30: 149.56 | J30: https://www12.senado.leg.br/institucional/sis/pdfs/tabela-odontologia-v2-nv.pdf | K30: NUCLEP/MME – Tabela de Procedimentos Odontológicos (amputação radicular) | L30: 150 | M30: https://www.gov.br/mme/pt-br/assuntos/orgaos-vinculados/nuclep/plano-de-saude/orientacoes-ao-credenciado/TABELADEPROCEDIMENTOSODONTOLGICOS.pdf | N30: =IF(COUNT(F30,I30,L30)=0,"",MIN(F30,I30,L30)) -> 110.25 | O30: =IF(COUNT(F30,I30,L30)=0,"",AVERAGE(F30,I30,L30)) -> 136.60333 | P30: =IF(COUNT(F30,I30,L30)=0,"",MEDIAN(F30,I30,L30)) -> 149.56 | Q30: =IF(COUNT(F30,I30,L30)=0,"",MAX(F30,I30,L30)) -> 150 | R30: Sem correspondente | S30: =IF(ISNUMBER(R30),ROUNDDOWN(R30*0.96,2),"—") -> — | T30: =IF(COUNT(F30,I30,L30)=0,"Sem cotação",ROUND(P30,2)) -> 149.56 | U30: =IF(AND(ISNUMBER(R30),ISNUMBER(T30)),T30/R30-1,"—") -> — | V30: =IF(ISNUMBER(T30),D30*T30,0) -> 135351.8
A31: 29 | B31: Orientação de higiene bucal para pais e/ou cuidadores | C31: Procedimento | D31: 905 | E31: CIMINAS/MG – Termo de Contrato 741/2025 (Credenciamento 040/2025 – Sistema Carretas da Saúde), 30/09/2025 | F31: 53.8 | G31: https://ciminas.mg.gov.br | H31: Senado Federal/SIS – Tabela própria de credenciamento – Odontologia | I31: 76.05 | J31: https://www12.senado.leg.br/institucional/sis/pdfs/tabela-odontologia-v2-nv.pdf | K31: NUCLEP/MME – Tabela de Procedimentos Odontológicos (atividade educativa) | L31: 19 | M31: https://www.gov.br/mme/pt-br/assuntos/orgaos-vinculados/nuclep/plano-de-saude/orientacoes-ao-credenciado/TABELADEPROCEDIMENTOSODONTOLGICOS.pdf | N31: =IF(COUNT(F31,I31,L31)=0,"",MIN(F31,I31,L31)) -> 19 | O31: =IF(COUNT(F31,I31,L31)=0,"",AVERAGE(F31,I31,L31)) -> 49.616667 | P31: =IF(COUNT(F31,I31,L31)=0,"",MEDIAN(F31,I31,L31)) -> 53.8 | Q31: =IF(COUNT(F31,I31,L31)=0,"",MAX(F31,I31,L31)) -> 76.05 | R31: Sem correspondente | S31: =IF(ISNUMBER(R31),ROUNDDOWN(R31*0.96,2),"—") -> — | T31: =IF(COUNT(F31,I31,L31)=0,"Sem cotação",ROUND(P31,2)) -> 53.8 | U31: =IF(AND(ISNUMBER(R31),ISNUMBER(T31)),T31/R31-1,"—") -> — | V31: =IF(ISNUMBER(T31),D31*T31,0) -> 48689
A32: 30 | B32: Aplicação de cariostático - 1 sessão - duas arcadas | C32: Procedimento | D32: 905 | E32: CIMINAS/MG – Termo de Contrato 741/2025 (Credenciamento 040/2025 – Sistema Carretas da Saúde), 30/09/2025 | F32: 53.8 | G32: https://ciminas.mg.gov.br | H32: Senado Federal/SIS – Tabela própria de credenciamento – Odontologia | I32: 72.91 | J32: https://www12.senado.leg.br/institucional/sis/pdfs/tabela-odontologia-v2-nv.pdf | K32: NUCLEP/MME – Tabela de Procedimentos Odontológicos (por dente) | L32: 7 | M32: https://www.gov.br/mme/pt-br/assuntos/orgaos-vinculados/nuclep/plano-de-saude/orientacoes-ao-credenciado/TABELADEPROCEDIMENTOSODONTOLGICOS.pdf | N32: =IF(COUNT(F32,I32,L32)=0,"",MIN(F32,I32,L32)) -> 7 | O32: =IF(COUNT(F32,I32,L32)=0,"",AVERAGE(F32,I32,L32)) -> 44.57 | P32: =IF(COUNT(F32,I32,L32)=0,"",MEDIAN(F32,I32,L32)) -> 53.8 | Q32: =IF(COUNT(F32,I32,L32)=0,"",MAX(F32,I32,L32)) -> 72.91 | R32: Sem correspondente | S32: =IF(ISNUMBER(R32),ROUNDDOWN(R32*0.96,2),"—") -> — | T32: =IF(COUNT(F32,I32,L32)=0,"Sem cotação",ROUND(P32,2)) -> 53.8 | U32: =IF(AND(ISNUMBER(R32),ISNUMBER(T32)),T32/R32-1,"—") -> — | V32: =IF(ISNUMBER(T32),D32*T32,0) -> 48689
A33: 31 | B33: Aplicação de selante de fóssulas e fissuras - por elemento | C33: Procedimento | D33: 21942 | E33: Senado Federal/SIS – Tabela própria de credenciamento – Odontologia | F33: 64.31 | G33: https://www12.senado.leg.br/institucional/sis/pdfs/tabela-odontologia-v2-nv.pdf | H33: BC Saúde – Tabela de Procedimentos Odontológicos, Edital de Chamamento 2026 | I33: 43.9 | J33: https://www.bcb.gov.br/content/acessoinformacao/bcsaude_docs/Tabela_Procedimentos_Odontologicos_Edital_Chamamento_26.pdf | K33: NUCLEP/MME – Tabela de Procedimentos Odontológicos | L33: 10.3 | M33: https://www.gov.br/mme/pt-br/assuntos/orgaos-vinculados/nuclep/plano-de-saude/orientacoes-ao-credenciado/TABELADEPROCEDIMENTOSODONTOLGICOS.pdf | N33: =IF(COUNT(F33,I33,L33)=0,"",MIN(F33,I33,L33)) -> 10.3 | O33: =IF(COUNT(F33,I33,L33)=0,"",AVERAGE(F33,I33,L33)) -> 39.503333 | P33: =IF(COUNT(F33,I33,L33)=0,"",MEDIAN(F33,I33,L33)) -> 43.9 | Q33: =IF(COUNT(F33,I33,L33)=0,"",MAX(F33,I33,L33)) -> 64.31 | R33: Sem correspondente | S33: =IF(ISNUMBER(R33),ROUNDDOWN(R33*0.96,2),"—") -> — | T33: =IF(COUNT(F33,I33,L33)=0,"Sem cotação",ROUND(P33,2)) -> 43.9 | U33: =IF(AND(ISNUMBER(R33),ISNUMBER(T33)),T33/R33-1,"—") -> — | V33: =IF(ISNUMBER(T33),D33*T33,0) -> 963253.8
A34: 32 | B34: Profilaxia e polimento coronário | C34: Procedimento | D34: 905 | E34: CIMINAS/MG – Termo de Contrato 741/2025 (Credenciamento 040/2025 – Sistema Carretas da Saúde), 30/09/2025 | F34: 69.5 | G34: https://ciminas.mg.gov.br | H34: Senado Federal/SIS – Tabela própria de credenciamento – Odontologia | I34: 94.22 | J34: https://www12.senado.leg.br/institucional/sis/pdfs/tabela-odontologia-v2-nv.pdf | K34: NUCLEP/MME – Tabela de Procedimentos Odontológicos | L34: 19.5 | M34: https://www.gov.br/mme/pt-br/assuntos/orgaos-vinculados/nuclep/plano-de-saude/orientacoes-ao-credenciado/TABELADEPROCEDIMENTOSODONTOLGICOS.pdf | N34: =IF(COUNT(F34,I34,L34)=0,"",MIN(F34,I34,L34)) -> 19.5 | O34: =IF(COUNT(F34,I34,L34)=0,"",AVERAGE(F34,I34,L34)) -> 61.073333 | P34: =IF(COUNT(F34,I34,L34)=0,"",MEDIAN(F34,I34,L34)) -> 69.5 | Q34: =IF(COUNT(F34,I34,L34)=0,"",MAX(F34,I34,L34)) -> 94.22 | R34: Sem correspondente | S34: =IF(ISNUMBER(R34),ROUNDDOWN(R34*0.96,2),"—") -> — | T34: =IF(COUNT(F34,I34,L34)=0,"Sem cotação",ROUND(P34,2)) -> 69.5 | U34: =IF(AND(ISNUMBER(R34),ISNUMBER(T34)),T34/R34-1,"—") -> — | V34: =IF(ISNUMBER(T34),D34*T34,0) -> 62897.5
A35: 33 | B35: Prótese parcial fixa provisória (por elemento) | C35: Procedimento | D35: 905 | E35: CIMINAS/MG – Termo de Contrato 741/2025 (Credenciamento 040/2025 – Sistema Carretas da Saúde), 30/09/2025 | F35: 101.25 | G35: https://ciminas.mg.gov.br | H35: Senado Federal/SIS – Tabela própria de credenciamento – Odontologia | I35: 137.21 | J35: https://www12.senado.leg.br/institucional/sis/pdfs/tabela-odontologia-v2-nv.pdf | K35: NUCLEP/MME – Tabela de Procedimentos Odontológicos | L35: 39 | M35: https://www.gov.br/mme/pt-br/assuntos/orgaos-vinculados/nuclep/plano-de-saude/orientacoes-ao-credenciado/TABELADEPROCEDIMENTOSODONTOLGICOS.pdf | N35: =IF(COUNT(F35,I35,L35)=0,"",MIN(F35,I35,L35)) -> 39 | O35: =IF(COUNT(F35,I35,L35)=0,"",AVERAGE(F35,I35,L35)) -> 92.486667 | P35: =IF(COUNT(F35,I35,L35)=0,"",MEDIAN(F35,I35,L35)) -> 101.25 | Q35: =IF(COUNT(F35,I35,L35)=0,"",MAX(F35,I35,L35)) -> 137.21 | R35: Sem correspondente | S35: =IF(ISNUMBER(R35),ROUNDDOWN(R35*0.96,2),"—") -> — | T35: =IF(COUNT(F35,I35,L35)=0,"Sem cotação",ROUND(P35,2)) -> 101.25 | U35: =IF(AND(ISNUMBER(R35),ISNUMBER(T35)),T35/R35-1,"—") -> — | V35: =IF(ISNUMBER(T35),D35*T35,0) -> 91631.25
A36: 34 | B36: Prótese parcial removível com grampos bilateral | C36: Procedimento | D36: 905 | E36: CIMINAS/MG – Termo de Contrato 741/2025 (Credenciamento 040/2025 – Sistema Carretas da Saúde), 30/09/2025 | F36: 473 | G36: https://ciminas.mg.gov.br | H36: Senado Federal/SIS – Tabela própria de credenciamento – Odontologia | I36: 641.01 | J36: https://www12.senado.leg.br/institucional/sis/pdfs/tabela-odontologia-v2-nv.pdf | K36: CONSUD – Resolução 034/2025 (17/04/2025) – Tabela de Prótese Odontológica (prótese parcial removível) | L36: 600 | M36: https://www.consud.org/uploads/pagina/arquivos/RESOLUCAO-034-2025-TABELA-DE-PROTESE-ODONTOLOGICA-docx-2.pdf | N36: =IF(COUNT(F36,I36,L36)=0,"",MIN(F36,I36,L36)) -> 473 | O36: =IF(COUNT(F36,I36,L36)=0,"",AVERAGE(F36,I36,L36)) -> 571.33667 | P36: =IF(COUNT(F36,I36,L36)=0,"",MEDIAN(F36,I36,L36)) -> 600 | Q36: =IF(COUNT(F36,I36,L36)=0,"",MAX(F36,I36,L36)) -> 641.01 | R36: Sem correspondente | S36: =IF(ISNUMBER(R36),ROUNDDOWN(R36*0.96,2),"—") -> — | T36: =IF(COUNT(F36,I36,L36)=0,"Sem cotação",ROUND(P36,2)) -> 600 | U36: =IF(AND(ISNUMBER(R36),ISNUMBER(T36)),T36/R36-1,"—") -> — | V36: =IF(ISNUMBER(T36),D36*T36,0) -> 543000
A37: 35 | B37: Prótese parcial removível provisória em acrílico com ou sem grampos | C37: Procedimento | D37: 242 | E37: CIMINAS/MG – Termo de Contrato 741/2025 (Credenciamento 040/2025 – Sistema Carretas da Saúde), 30/09/2025 | F37: 214.5 | G37: https://ciminas.mg.gov.br | H37: Senado Federal/SIS – Tabela própria de credenciamento – Odontologia | I37: 290.89 | J37: https://www12.senado.leg.br/institucional/sis/pdfs/tabela-odontologia-v2-nv.pdf | K37: FioSaúde – Tabela Odontológica, vigência 02/04/2025 a 31/03/2026 | L37: 638 | M37: https://fiosaude.org.br/wp-content/uploads/2025/04/tabela_Odontologica_Fiosaude_2025-2026.pdf | N37: =IF(COUNT(F37,I37,L37)=0,"",MIN(F37,I37,L37)) -> 214.5 | O37: =IF(COUNT(F37,I37,L37)=0,"",AVERAGE(F37,I37,L37)) -> 381.13 | P37: =IF(COUNT(F37,I37,L37)=0,"",MEDIAN(F37,I37,L37)) -> 290.89 | Q37: =IF(COUNT(F37,I37,L37)=0,"",MAX(F37,I37,L37)) -> 638 | R37: Sem correspondente | S37: =IF(ISNUMBER(R37),ROUNDDOWN(R37*0.96,2),"—") -> — | T37: =IF(COUNT(F37,I37,L37)=0,"Sem cotação",ROUND(P37,2)) -> 290.89 | U37: =IF(AND(ISNUMBER(R37),ISNUMBER(T37)),T37/R37-1,"—") -> — | V37: =IF(ISNUMBER(T37),D37*T37,0) -> 70395.38
A38: 36 | B38: Prótese total (por arcada) | C38: Procedimento | D38: 905 | E38: CIMINAS/MG – Termo de Contrato 741/2025 (Credenciamento 040/2025 – Sistema Carretas da Saúde), 30/09/2025 | F38: 482 | G38: https://ciminas.mg.gov.br | H38: Senado Federal/SIS – Tabela própria de credenciamento – Odontologia | I38: 653.36 | J38: https://www12.senado.leg.br/institucional/sis/pdfs/tabela-odontologia-v2-nv.pdf | K38: CONSUD – Resolução 034/2025 (17/04/2025) – Tabela de Prótese Odontológica | L38: 450 | M38: https://www.consud.org/uploads/pagina/arquivos/RESOLUCAO-034-2025-TABELA-DE-PROTESE-ODONTOLOGICA-docx-2.pdf | N38: =IF(COUNT(F38,I38,L38)=0,"",MIN(F38,I38,L38)) -> 450 | O38: =IF(COUNT(F38,I38,L38)=0,"",AVERAGE(F38,I38,L38)) -> 528.45333 | P38: =IF(COUNT(F38,I38,L38)=0,"",MEDIAN(F38,I38,L38)) -> 482 | Q38: =IF(COUNT(F38,I38,L38)=0,"",MAX(F38,I38,L38)) -> 653.36 | R38: Sem correspondente | S38: =IF(ISNUMBER(R38),ROUNDDOWN(R38*0.96,2),"—") -> — | T38: =IF(COUNT(F38,I38,L38)=0,"Sem cotação",ROUND(P38,2)) -> 482 | U38: =IF(AND(ISNUMBER(R38),ISNUMBER(T38)),T38/R38-1,"—") -> — | V38: =IF(ISNUMBER(T38),D38*T38,0) -> 436210
A39: 37 | B39: Radiografia periapical | C39: Procedimento | D39: 905 | E39: CIMINAS/MG – Termo de Contrato 741/2025 (Credenciamento 040/2025 – Sistema Carretas da Saúde), 30/09/2025 | F39: 11.66 | G39: https://ciminas.mg.gov.br | H39: Senado Federal/SIS – Tabela própria de credenciamento – Odontologia | I39: 15.82 | J39: https://www12.senado.leg.br/institucional/sis/pdfs/tabela-odontologia-v2-nv.pdf | K39: TJDFT/Pró-Saúde – Tabela Odontológica Própria | L39: 18.32 | M39: https://www.tjdft.jus.br/pro-saude/tabelas-proprias-do-pro-saude/tabela-propria-odontologica-ajuste-cynthia.pdf | N39: =IF(COUNT(F39,I39,L39)=0,"",MIN(F39,I39,L39)) -> 11.66 | O39: =IF(COUNT(F39,I39,L39)=0,"",AVERAGE(F39,I39,L39)) -> 15.266667 | P39: =IF(COUNT(F39,I39,L39)=0,"",MEDIAN(F39,I39,L39)) -> 15.82 | Q39: =IF(COUNT(F39,I39,L39)=0,"",MAX(F39,I39,L39)) -> 18.32 | R39: Sem correspondente | S39: =IF(ISNUMBER(R39),ROUNDDOWN(R39*0.96,2),"—") -> — | T39: =IF(COUNT(F39,I39,L39)=0,"Sem cotação",ROUND(P39,2)) -> 15.82 | U39: =IF(AND(ISNUMBER(R39),ISNUMBER(T39)),T39/R39-1,"—") -> — | V39: =IF(ISNUMBER(T39),D39*T39,0) -> 14317.1
A40: 38 | B40: Remoção de dente retido (incluso/impactado) | C40: Procedimento | D40: 826 | E40: CIMINAS/MG – Termo de Contrato 741/2025 (Credenciamento 040/2025 – Sistema Carretas da Saúde), 30/09/2025 | F40: 257.8 | G40: https://ciminas.mg.gov.br | H40: BC Saúde – Tabela de Procedimentos Odontológicos, Edital de Chamamento 2026 (semi-incluso/impactado) | I40: 144.49 | J40: https://www.bcb.gov.br/content/acessoinformacao/bcsaude_docs/Tabela_Procedimentos_Odontologicos_Edital_Chamamento_26.pdf | K40: NUCLEP/MME – Tabela de Procedimentos Odontológicos | L40: 180 | M40: https://www.gov.br/mme/pt-br/assuntos/orgaos-vinculados/nuclep/plano-de-saude/orientacoes-ao-credenciado/TABELADEPROCEDIMENTOSODONTOLGICOS.pdf | N40: =IF(COUNT(F40,I40,L40)=0,"",MIN(F40,I40,L40)) -> 144.49 | O40: =IF(COUNT(F40,I40,L40)=0,"",AVERAGE(F40,I40,L40)) -> 194.09667 | P40: =IF(COUNT(F40,I40,L40)=0,"",MEDIAN(F40,I40,L40)) -> 180 | Q40: =IF(COUNT(F40,I40,L40)=0,"",MAX(F40,I40,L40)) -> 257.8 | R40: Sem correspondente | S40: =IF(ISNUMBER(R40),ROUNDDOWN(R40*0.96,2),"—") -> — | T40: =IF(COUNT(F40,I40,L40)=0,"Sem cotação",ROUND(P40,2)) -> 180 | U40: =IF(AND(ISNUMBER(R40),ISNUMBER(T40)),T40/R40-1,"—") -> — | V40: =IF(ISNUMBER(T40),D40*T40,0) -> 148680
A41: 39 | B41: Remoção de material obturador intracanal para retratamento endodôntico | C41: Procedimento | D41: 905 | E41: CIMINAS/MG – Termo de Contrato 741/2025 (Credenciamento 040/2025 – Sistema Carretas da Saúde), 30/09/2025 | F41: 137.5 | G41: https://ciminas.mg.gov.br | H41: Senado Federal/SIS – Tabela própria de credenciamento – Odontologia | I41: 186.38 | J41: https://www12.senado.leg.br/institucional/sis/pdfs/tabela-odontologia-v2-nv.pdf | K41: NUCLEP/MME – Tabela de Procedimentos Odontológicos (análogo: retratamento unirradicular) | L41: 238 | M41: https://www.gov.br/mme/pt-br/assuntos/orgaos-vinculados/nuclep/plano-de-saude/orientacoes-ao-credenciado/TABELADEPROCEDIMENTOSODONTOLGICOS.pdf | N41: =IF(COUNT(F41,I41,L41)=0,"",MIN(F41,I41,L41)) -> 137.5 | O41: =IF(COUNT(F41,I41,L41)=0,"",AVERAGE(F41,I41,L41)) -> 187.29333 | P41: =IF(COUNT(F41,I41,L41)=0,"",MEDIAN(F41,I41,L41)) -> 186.38 | Q41: =IF(COUNT(F41,I41,L41)=0,"",MAX(F41,I41,L41)) -> 238 | R41: Sem correspondente | S41: =IF(ISNUMBER(R41),ROUNDDOWN(R41*0.96,2),"—") -> — | T41: =IF(COUNT(F41,I41,L41)=0,"Sem cotação",ROUND(P41,2)) -> 186.38 | U41: =IF(AND(ISNUMBER(R41),ISNUMBER(T41)),T41/R41-1,"—") -> — | V41: =IF(ISNUMBER(T41),D41*T41,0) -> 168673.9
A42: 40 | B42: Remoção de trabalhos protéticos - por elementos suportes | C42: Procedimento | D42: 905 | E42: CIMINAS/MG – Termo de Contrato 741/2025 (Credenciamento 040/2025 – Sistema Carretas da Saúde), 30/09/2025 | F42: 68 | G42: https://ciminas.mg.gov.br | H42: NUCLEP/MME – Tabela de Procedimentos Odontológicos | I42: 30 | J42: https://www.gov.br/mme/pt-br/assuntos/orgaos-vinculados/nuclep/plano-de-saude/orientacoes-ao-credenciado/TABELADEPROCEDIMENTOSODONTOLGICOS.pdf | K42: — | N42: =IF(COUNT(F42,I42,L42)=0,"",MIN(F42,I42,L42)) -> 30 | O42: =IF(COUNT(F42,I42,L42)=0,"",AVERAGE(F42,I42,L42)) -> 49 | P42: =IF(COUNT(F42,I42,L42)=0,"",MEDIAN(F42,I42,L42)) -> 49 | Q42: =IF(COUNT(F42,I42,L42)=0,"",MAX(F42,I42,L42)) -> 68 | R42: Sem correspondente | S42: =IF(ISNUMBER(R42),ROUNDDOWN(R42*0.96,2),"—") -> — | T42: =IF(COUNT(F42,I42,L42)=0,"Sem cotação",ROUND(P42,2)) -> 49 | U42: =IF(AND(ISNUMBER(R42),ISNUMBER(T42)),T42/R42-1,"—") -> — | V42: =IF(ISNUMBER(T42),D42*T42,0) -> 44345
A43: 41 | B43: Restauração atraumática - por elemento | C43: Procedimento | D43: 1496 | E43: CIMINAS/MG – Termo de Contrato 741/2025 (Credenciamento 040/2025 – Sistema Carretas da Saúde), 30/09/2025 | F43: 41.1 | G43: https://ciminas.mg.gov.br | H43: FioSaúde – Tabela Odontológica, vigência 02/04/2025 a 31/03/2026 (análogo: ionômero 1 face) | I43: 78.5 | J43: https://fiosaude.org.br/wp-content/uploads/2025/04/tabela_Odontologica_Fiosaude_2025-2026.pdf | K43: NUCLEP/MME – Tabela de Procedimentos Odontológicos (análogo: ionômero) | L43: 25.3 | M43: https://www.gov.br/mme/pt-br/assuntos/orgaos-vinculados/nuclep/plano-de-saude/orientacoes-ao-credenciado/TABELADEPROCEDIMENTOSODONTOLGICOS.pdf | N43: =IF(COUNT(F43,I43,L43)=0,"",MIN(F43,I43,L43)) -> 25.3 | O43: =IF(COUNT(F43,I43,L43)=0,"",AVERAGE(F43,I43,L43)) -> 48.3 | P43: =IF(COUNT(F43,I43,L43)=0,"",MEDIAN(F43,I43,L43)) -> 41.1 | Q43: =IF(COUNT(F43,I43,L43)=0,"",MAX(F43,I43,L43)) -> 78.5 | R43: Sem correspondente | S43: =IF(ISNUMBER(R43),ROUNDDOWN(R43*0.96,2),"—") -> — | T43: =IF(COUNT(F43,I43,L43)=0,"Sem cotação",ROUND(P43,2)) -> 41.1 | U43: =IF(AND(ISNUMBER(R43),ISNUMBER(T43)),T43/R43-1,"—") -> — | V43: =IF(ISNUMBER(T43),D43*T43,0) -> 61485.6
A44: 42 | B44: Restauração em ionômero de vidro – Classe I - 1 face | C44: Procedimento | D44: 1496 | E44: CIMINAS/MG – Termo de Contrato 741/2025 (Credenciamento 040/2025 – Sistema Carretas da Saúde), 30/09/2025 | F44: 69.5 | G44: https://ciminas.mg.gov.br | H44: FioSaúde – Tabela Odontológica, vigência 02/04/2025 a 31/03/2026 | I44: 78.5 | J44: https://fiosaude.org.br/wp-content/uploads/2025/04/tabela_Odontologica_Fiosaude_2025-2026.pdf | K44: STJ/Pró-Ser – Tabela Odontológica 2025 (vigência a partir de 01/03/2025) | L44: 90 | M44: https://www.stj.jus.br/sites/portalp/SiteAssets/Paginas/Sob-medida/Publico-interno/Pro-Ser/Informacoes-aos-credenciados/Tabela_Odontologica_PRECOS_2025.pdf | N44: =IF(COUNT(F44,I44,L44)=0,"",MIN(F44,I44,L44)) -> 69.5 | O44: =IF(COUNT(F44,I44,L44)=0,"",AVERAGE(F44,I44,L44)) -> 79.333333 | P44: =IF(COUNT(F44,I44,L44)=0,"",MEDIAN(F44,I44,L44)) -> 78.5 | Q44: =IF(COUNT(F44,I44,L44)=0,"",MAX(F44,I44,L44)) -> 90 | R44: Sem correspondente | S44: =IF(ISNUMBER(R44),ROUNDDOWN(R44*0.96,2),"—") -> — | T44: =IF(COUNT(F44,I44,L44)=0,"Sem cotação",ROUND(P44,2)) -> 78.5 | U44: =IF(AND(ISNUMBER(R44),ISNUMBER(T44)),T44/R44-1,"—") -> — | V44: =IF(ISNUMBER(T44),D44*T44,0) -> 117436
A45: 43 | B45: Restauração em ionômero de vidro – Classe II - 2 faces | C45: Procedimento | D45: 640 | E45: CIMINAS/MG – Termo de Contrato 741/2025 (Credenciamento 040/2025 – Sistema Carretas da Saúde), 30/09/2025 | F45: 85.2 | G45: https://ciminas.mg.gov.br | H45: Senado Federal/SIS – Tabela própria de credenciamento – Odontologia | I45: 115.53 | J45: https://www12.senado.leg.br/institucional/sis/pdfs/tabela-odontologia-v2-nv.pdf | K45: STJ/Pró-Ser – Tabela Odontológica 2025 (vigência a partir de 01/03/2025) | L45: 107 | M45: https://www.stj.jus.br/sites/portalp/SiteAssets/Paginas/Sob-medida/Publico-interno/Pro-Ser/Informacoes-aos-credenciados/Tabela_Odontologica_PRECOS_2025.pdf | N45: =IF(COUNT(F45,I45,L45)=0,"",MIN(F45,I45,L45)) -> 85.2 | O45: =IF(COUNT(F45,I45,L45)=0,"",AVERAGE(F45,I45,L45)) -> 102.57667 | P45: =IF(COUNT(F45,I45,L45)=0,"",MEDIAN(F45,I45,L45)) -> 107 | Q45: =IF(COUNT(F45,I45,L45)=0,"",MAX(F45,I45,L45)) -> 115.53 | R45: Sem correspondente | S45: =IF(ISNUMBER(R45),ROUNDDOWN(R45*0.96,2),"—") -> — | T45: =IF(COUNT(F45,I45,L45)=0,"Sem cotação",ROUND(P45,2)) -> 107 | U45: =IF(AND(ISNUMBER(R45),ISNUMBER(T45)),T45/R45-1,"—") -> — | V45: =IF(ISNUMBER(T45),D45*T45,0) -> 68480
A46: 44 | B46: Restauração em ionômero de vidro – Classe II - 3 faces | C46: Procedimento | D46: 5027 | E46: CIMINAS/MG – Termo de Contrato 741/2025 (Credenciamento 040/2025 – Sistema Carretas da Saúde), 30/09/2025 | F46: 85.2 | G46: https://ciminas.mg.gov.br | H46: Senado Federal/SIS – Tabela própria de credenciamento – Odontologia | I46: 115.53 | J46: https://www12.senado.leg.br/institucional/sis/pdfs/tabela-odontologia-v2-nv.pdf | K46: STJ/Pró-Ser – Tabela Odontológica 2025 (vigência a partir de 01/03/2025) | L46: 121 | M46: https://www.stj.jus.br/sites/portalp/SiteAssets/Paginas/Sob-medida/Publico-interno/Pro-Ser/Informacoes-aos-credenciados/Tabela_Odontologica_PRECOS_2025.pdf | N46: =IF(COUNT(F46,I46,L46)=0,"",MIN(F46,I46,L46)) -> 85.2 | O46: =IF(COUNT(F46,I46,L46)=0,"",AVERAGE(F46,I46,L46)) -> 107.24333 | P46: =IF(COUNT(F46,I46,L46)=0,"",MEDIAN(F46,I46,L46)) -> 115.53 | Q46: =IF(COUNT(F46,I46,L46)=0,"",MAX(F46,I46,L46)) -> 121 | R46: Sem correspondente | S46: =IF(ISNUMBER(R46),ROUNDDOWN(R46*0.96,2),"—") -> — | T46: =IF(COUNT(F46,I46,L46)=0,"Sem cotação",ROUND(P46,2)) -> 115.53 | U46: =IF(AND(ISNUMBER(R46),ISNUMBER(T46)),T46/R46-1,"—") -> — | V46: =IF(ISNUMBER(T46),D46*T46,0) -> 580769.31
A47: 45 | B47: Restauração resina fotopolimerizável - Classe I - 1 face | C47: Procedimento | D47: 3174 | E47: CIMINAS/MG – Termo de Contrato 741/2025 (Credenciamento 040/2025 – Sistema Carretas da Saúde), 30/09/2025 | F47: 101.25 | G47: https://ciminas.mg.gov.br | H47: Senado Federal/SIS – Tabela própria de credenciamento – Odontologia | I47: 137.21 | J47: https://www12.senado.leg.br/institucional/sis/pdfs/tabela-odontologia-v2-nv.pdf | K47: MPU/Plan-Assiste – Anexo V da Norma Complementar 50 (2026) | L47: 98 | M47: https://planassiste.mpu.mp.br/o-plan-assiste/normas/normas-cpmplementares/anexo_v_nc_50.pdf/@@download/file/Anexo_V_NC_50.pdf | N47: =IF(COUNT(F47,I47,L47)=0,"",MIN(F47,I47,L47)) -> 98 | O47: =IF(COUNT(F47,I47,L47)=0,"",AVERAGE(F47,I47,L47)) -> 112.15333 | P47: =IF(COUNT(F47,I47,L47)=0,"",MEDIAN(F47,I47,L47)) -> 101.25 | Q47: =IF(COUNT(F47,I47,L47)=0,"",MAX(F47,I47,L47)) -> 137.21 | R47: Sem correspondente | S47: =IF(ISNUMBER(R47),ROUNDDOWN(R47*0.96,2),"—") -> — | T47: =IF(COUNT(F47,I47,L47)=0,"Sem cotação",ROUND(P47,2)) -> 101.25 | U47: =IF(AND(ISNUMBER(R47),ISNUMBER(T47)),T47/R47-1,"—") -> — | V47: =IF(ISNUMBER(T47),D47*T47,0) -> 321367.5
A48: 46 | B48: Restauração resina fotopolimerizável Classe II - 2 faces | C48: Procedimento | D48: 3174 | E48: CIMINAS/MG – Termo de Contrato 741/2025 (Credenciamento 040/2025 – Sistema Carretas da Saúde), 30/09/2025 | F48: 133 | G48: https://ciminas.mg.gov.br | H48: Senado Federal/SIS – Tabela própria de credenciamento – Odontologia | I48: 180.2 | J48: https://www12.senado.leg.br/institucional/sis/pdfs/tabela-odontologia-v2-nv.pdf | K48: MPU/Plan-Assiste – Anexo V da Norma Complementar 50 (2026) | L48: 128.87 | M48: https://planassiste.mpu.mp.br/o-plan-assiste/normas/normas-cpmplementares/anexo_v_nc_50.pdf/@@download/file/Anexo_V_NC_50.pdf | N48: =IF(COUNT(F48,I48,L48)=0,"",MIN(F48,I48,L48)) -> 128.87 | O48: =IF(COUNT(F48,I48,L48)=0,"",AVERAGE(F48,I48,L48)) -> 147.35667 | P48: =IF(COUNT(F48,I48,L48)=0,"",MEDIAN(F48,I48,L48)) -> 133 | Q48: =IF(COUNT(F48,I48,L48)=0,"",MAX(F48,I48,L48)) -> 180.2 | R48: Sem correspondente | S48: =IF(ISNUMBER(R48),ROUNDDOWN(R48*0.96,2),"—") -> — | T48: =IF(COUNT(F48,I48,L48)=0,"Sem cotação",ROUND(P48,2)) -> 133 | U48: =IF(AND(ISNUMBER(R48),ISNUMBER(T48)),T48/R48-1,"—") -> — | V48: =IF(ISNUMBER(T48),D48*T48,0) -> 422142
A49: 47 | B49: Restauração resina fotopolimerizável Classe II - 3 faces | C49: Procedimento | D49: 2715 | E49: CIMINAS/MG – Termo de Contrato 741/2025 (Credenciamento 040/2025 – Sistema Carretas da Saúde), 30/09/2025 | F49: 164.75 | G49: https://ciminas.mg.gov.br | H49: Senado Federal/SIS – Tabela própria de credenciamento – Odontologia | I49: 223.2 | J49: https://www12.senado.leg.br/institucional/sis/pdfs/tabela-odontologia-v2-nv.pdf | K49: MPU/Plan-Assiste – Anexo V da Norma Complementar 50 (2026) | L49: 159.25 | M49: https://planassiste.mpu.mp.br/o-plan-assiste/normas/normas-cpmplementares/anexo_v_nc_50.pdf/@@download/file/Anexo_V_NC_50.pdf | N49: =IF(COUNT(F49,I49,L49)=0,"",MIN(F49,I49,L49)) -> 159.25 | O49: =IF(COUNT(F49,I49,L49)=0,"",AVERAGE(F49,I49,L49)) -> 182.4 | P49: =IF(COUNT(F49,I49,L49)=0,"",MEDIAN(F49,I49,L49)) -> 164.75 | Q49: =IF(COUNT(F49,I49,L49)=0,"",MAX(F49,I49,L49)) -> 223.2 | R49: Sem correspondente | S49: =IF(ISNUMBER(R49),ROUNDDOWN(R49*0.96,2),"—") -> — | T49: =IF(COUNT(F49,I49,L49)=0,"Sem cotação",ROUND(P49,2)) -> 164.75 | U49: =IF(AND(ISNUMBER(R49),ISNUMBER(T49)),T49/R49-1,"—") -> — | V49: =IF(ISNUMBER(T49),D49*T49,0) -> 447296.25
A50: 48 | B50: Restauração resina fotopolimerizável Classe II - 4 faces | C50: Procedimento | D50: 5027 | E50: CIMINAS/MG – Termo de Contrato 741/2025 (Credenciamento 040/2025 – Sistema Carretas da Saúde), 30/09/2025 | F50: 183.8 | G50: https://ciminas.mg.gov.br | H50: Senado Federal/SIS – Tabela própria de credenciamento – Odontologia | I50: 248.99 | J50: https://www12.senado.leg.br/institucional/sis/pdfs/tabela-odontologia-v2-nv.pdf | K50: MPU/Plan-Assiste – Anexo V da Norma Complementar 50 (2026) | L50: 177.87 | M50: https://planassiste.mpu.mp.br/o-plan-assiste/normas/normas-cpmplementares/anexo_v_nc_50.pdf/@@download/file/Anexo_V_NC_50.pdf | N50: =IF(COUNT(F50,I50,L50)=0,"",MIN(F50,I50,L50)) -> 177.87 | O50: =IF(COUNT(F50,I50,L50)=0,"",AVERAGE(F50,I50,L50)) -> 203.55333 | P50: =IF(COUNT(F50,I50,L50)=0,"",MEDIAN(F50,I50,L50)) -> 183.8 | Q50: =IF(COUNT(F50,I50,L50)=0,"",MAX(F50,I50,L50)) -> 248.99 | R50: Sem correspondente | S50: =IF(ISNUMBER(R50),ROUNDDOWN(R50*0.96,2),"—") -> — | T50: =IF(COUNT(F50,I50,L50)=0,"Sem cotação",ROUND(P50,2)) -> 183.8 | U50: =IF(AND(ISNUMBER(R50),ISNUMBER(T50)),T50/R50-1,"—") -> — | V50: =IF(ISNUMBER(T50),D50*T50,0) -> 923962.6
A51: 49 | B51: Restauração resina fotopolimerizável Classe III | C51: Procedimento | D51: 5027 | E51: CIMINAS/MG – Termo de Contrato 741/2025 (Credenciamento 040/2025 – Sistema Carretas da Saúde), 30/09/2025 | F51: 164.75 | G51: https://ciminas.mg.gov.br | H51: Senado Federal/SIS – Tabela própria de credenciamento – Odontologia | I51: 223.2 | J51: https://www12.senado.leg.br/institucional/sis/pdfs/tabela-odontologia-v2-nv.pdf | K51: BC Saúde – Tabela de Procedimentos Odontológicos, Edital de Chamamento 2026 | L51: 94.55 | M51: https://www.bcb.gov.br/content/acessoinformacao/bcsaude_docs/Tabela_Procedimentos_Odontologicos_Edital_Chamamento_26.pdf | N51: =IF(COUNT(F51,I51,L51)=0,"",MIN(F51,I51,L51)) -> 94.55 | O51: =IF(COUNT(F51,I51,L51)=0,"",AVERAGE(F51,I51,L51)) -> 160.83333 | P51: =IF(COUNT(F51,I51,L51)=0,"",MEDIAN(F51,I51,L51)) -> 164.75 | Q51: =IF(COUNT(F51,I51,L51)=0,"",MAX(F51,I51,L51)) -> 223.2 | R51: Sem correspondente | S51: =IF(ISNUMBER(R51),ROUNDDOWN(R51*0.96,2),"—") -> — | T51: =IF(COUNT(F51,I51,L51)=0,"Sem cotação",ROUND(P51,2)) -> 164.75 | U51: =IF(AND(ISNUMBER(R51),ISNUMBER(T51)),T51/R51-1,"—") -> — | V51: =IF(ISNUMBER(T51),D51*T51,0) -> 828198.25
A52: 50 | B52: Restauração resina fotopolimerizável Classe IV | C52: Procedimento | D52: 5491 | E52: CIMINAS/MG – Termo de Contrato 741/2025 (Credenciamento 040/2025 – Sistema Carretas da Saúde), 30/09/2025 | F52: 183.8 | G52: https://ciminas.mg.gov.br | H52: Senado Federal/SIS – Tabela própria de credenciamento – Odontologia | I52: 248.99 | J52: https://www12.senado.leg.br/institucional/sis/pdfs/tabela-odontologia-v2-nv.pdf | K52: BC Saúde – Tabela de Procedimentos Odontológicos, Edital de Chamamento 2026 | L52: 123.83 | M52: https://www.bcb.gov.br/content/acessoinformacao/bcsaude_docs/Tabela_Procedimentos_Odontologicos_Edital_Chamamento_26.pdf | N52: =IF(COUNT(F52,I52,L52)=0,"",MIN(F52,I52,L52)) -> 123.83 | O52: =IF(COUNT(F52,I52,L52)=0,"",AVERAGE(F52,I52,L52)) -> 185.54 | P52: =IF(COUNT(F52,I52,L52)=0,"",MEDIAN(F52,I52,L52)) -> 183.8 | Q52: =IF(COUNT(F52,I52,L52)=0,"",MAX(F52,I52,L52)) -> 248.99 | R52: Sem correspondente | S52: =IF(ISNUMBER(R52),ROUNDDOWN(R52*0.96,2),"—") -> — | T52: =IF(COUNT(F52,I52,L52)=0,"Sem cotação",ROUND(P52,2)) -> 183.8 | U52: =IF(AND(ISNUMBER(R52),ISNUMBER(T52)),T52/R52-1,"—") -> — | V52: =IF(ISNUMBER(T52),D52*T52,0) -> 1009245.8
A53: 51 | B53: Restauração resina fotopolimerizável Classe V | C53: Procedimento | D53: 905 | E53: CIMINAS/MG – Termo de Contrato 741/2025 (Credenciamento 040/2025 – Sistema Carretas da Saúde), 30/09/2025 | F53: 101.25 | G53: https://ciminas.mg.gov.br | H53: Senado Federal/SIS – Tabela própria de credenciamento – Odontologia | I53: 137.21 | J53: https://www12.senado.leg.br/institucional/sis/pdfs/tabela-odontologia-v2-nv.pdf | K53: MPU/Plan-Assiste – Anexo V da Norma Complementar 50 (2026) (1 face) | L53: 98 | M53: https://planassiste.mpu.mp.br/o-plan-assiste/normas/normas-cpmplementares/anexo_v_nc_50.pdf/@@download/file/Anexo_V_NC_50.pdf | N53: =IF(COUNT(F53,I53,L53)=0,"",MIN(F53,I53,L53)) -> 98 | O53: =IF(COUNT(F53,I53,L53)=0,"",AVERAGE(F53,I53,L53)) -> 112.15333 | P53: =IF(COUNT(F53,I53,L53)=0,"",MEDIAN(F53,I53,L53)) -> 101.25 | Q53: =IF(COUNT(F53,I53,L53)=0,"",MAX(F53,I53,L53)) -> 137.21 | R53: Sem correspondente | S53: =IF(ISNUMBER(R53),ROUNDDOWN(R53*0.96,2),"—") -> — | T53: =IF(COUNT(F53,I53,L53)=0,"Sem cotação",ROUND(P53,2)) -> 101.25 | U53: =IF(AND(ISNUMBER(R53),ISNUMBER(T53)),T53/R53-1,"—") -> — | V53: =IF(ISNUMBER(T53),D53*T53,0) -> 91631.25
A54: 52 | B54: Restauração temporária/tratamento expectante | C54: Procedimento | D54: 905 | E54: CIMINAS/MG – Termo de Contrato 741/2025 (Credenciamento 040/2025 – Sistema Carretas da Saúde), 30/09/2025 | F54: 56.5 | G54: https://ciminas.mg.gov.br | H54: Senado Federal/SIS – Tabela própria de credenciamento – Odontologia | I54: 71.36 | J54: https://www12.senado.leg.br/institucional/sis/pdfs/tabela-odontologia-v2-nv.pdf | K54: FioSaúde – Tabela Odontológica, vigência 02/04/2025 a 31/03/2026 | L54: 42.5 | M54: https://fiosaude.org.br/wp-content/uploads/2025/04/tabela_Odontologica_Fiosaude_2025-2026.pdf | N54: =IF(COUNT(F54,I54,L54)=0,"",MIN(F54,I54,L54)) -> 42.5 | O54: =IF(COUNT(F54,I54,L54)=0,"",AVERAGE(F54,I54,L54)) -> 56.786667 | P54: =IF(COUNT(F54,I54,L54)=0,"",MEDIAN(F54,I54,L54)) -> 56.5 | Q54: =IF(COUNT(F54,I54,L54)=0,"",MAX(F54,I54,L54)) -> 71.36 | R54: Sem correspondente | S54: =IF(ISNUMBER(R54),ROUNDDOWN(R54*0.96,2),"—") -> — | T54: =IF(COUNT(F54,I54,L54)=0,"Sem cotação",ROUND(P54,2)) -> 56.5 | U54: =IF(AND(ISNUMBER(R54),ISNUMBER(T54)),T54/R54-1,"—") -> — | V54: =IF(ISNUMBER(T54),D54*T54,0) -> 51132.5
... A56: 54 | B56: Retratamento endodôntico de incisivo/canino/pré-molar unirradiculares | C56: Procedimento | D56: 905 | E56: CIMINAS/MG – Termo de Contrato 741/2025 (Credenciamento 040/2025 – Sistema Carretas da Saúde), 30/09/2025 | F56: 179.75 | G56: https://ciminas.mg.gov.br | H56: Senado Federal/SIS – Tabela própria de credenciamento – Odontologia | I56: 252.11 | J56: https://www12.senado.leg.br/institucional/sis/pdfs/tabela-odontologia-v2-nv.pdf | K56: MPU/Plan-Assiste – Anexo V da Norma Complementar 50 (2026) | L56: 243.78 | M56: https://planassiste.mpu.mp.br/o-plan-assiste/normas/normas-cpmplementares/anexo_v_nc_50.pdf/@@download/file/Anexo_V_NC_50.pdf | N56: =IF(COUNT(F56,I56,L56)=0,"",MIN(F56,I56,L56)) -> 179.75 | O56: =IF(COUNT(F56,I56,L56)=0,"",AVERAGE(F56,I56,L56)) -> 225.21333 | P56: =IF(COUNT(F56,I56,L56)=0,"",MEDIAN(F56,I56,L56)) -> 243.78 | Q56: =IF(COUNT(F56,I56,L56)=0,"",MAX(F56,I56,L56)) -> 252.11 | R56: Sem correspondente | S56: =IF(ISNUMBER(R56),ROUNDDOWN(R56*0.96,2),"—") -> — | T56: =IF(COUNT(F56,I56,L56)=0,"Sem cotação",ROUND(P56,2)) -> 243.78 | U56: =IF(AND(ISNUMBER(R56),ISNUMBER(T56)),T56/R56-1,"—") -> — | V56: =IF(ISNUMBER(T56),D56*T56,0) -> 220620.9
A57: 55 | B57: Sutura de ferida na região BMF | C57: Procedimento | D57: 905 | E57: CIMINAS/MG – Termo de Contrato 741/2025 (Credenciamento 040/2025 – Sistema Carretas da Saúde), 30/09/2025 (análogo: excisão e sutura de lesão na boca) | F57: 86.7 | G57: https://ciminas.mg.gov.br | H57: NUCLEP/MME – Tabela de Procedimentos Odontológicos | I57: 20 | J57: https://www.gov.br/mme/pt-br/assuntos/orgaos-vinculados/nuclep/plano-de-saude/orientacoes-ao-credenciado/TABELADEPROCEDIMENTOSODONTOLGICOS.pdf | K57: — | N57: =IF(COUNT(F57,I57,L57)=0,"",MIN(F57,I57,L57)) -> 20 | O57: =IF(COUNT(F57,I57,L57)=0,"",AVERAGE(F57,I57,L57)) -> 53.35 | P57: =IF(COUNT(F57,I57,L57)=0,"",MEDIAN(F57,I57,L57)) -> 53.35 | Q57: =IF(COUNT(F57,I57,L57)=0,"",MAX(F57,I57,L57)) -> 86.7 | R57: Sem correspondente | S57: =IF(ISNUMBER(R57),ROUNDDOWN(R57*0.96,2),"—") -> — | T57: =IF(COUNT(F57,I57,L57)=0,"Sem cotação",ROUND(P57,2)) -> 53.35 | U57: =IF(AND(ISNUMBER(R57),ISNUMBER(T57)),T57/R57-1,"—") -> — | V57: =IF(ISNUMBER(T57),D57*T57,0) -> 48281.75
A58: 56 | B58: Sedação medicamentosa ambulatorial | C58: Procedimento | D58: 905 | E58: — | H58: — | K58: — | N58: =IF(COUNT(F58,I58,L58)=0,"",MIN(F58,I58,L58)) | O58: =IF(COUNT(F58,I58,L58)=0,"",AVERAGE(F58,I58,L58)) | P58: =IF(COUNT(F58,I58,L58)=0,"",MEDIAN(F58,I58,L58)) | Q58: =IF(COUNT(F58,I58,L58)=0,"",MAX(F58,I58,L58)) | R58: Sem correspondente | S58: =IF(ISNUMBER(R58),ROUNDDOWN(R58*0.96,2),"—") -> — | T58: =IF(COUNT(F58,I58,L58)=0,"Sem cotação",ROUND(P58,2)) -> Sem cotação | U58: =IF(AND(ISNUMBER(R58),ISNUMBER(T58)),T58/R58-1,"—") -> — | V58: =IF(ISNUMBER(T58),D58*T58,0) -> 0
A59: 57 | B59: Retratamento endodôntico de molar | C59: Procedimento | D59: 196 | E59: CIMINAS/MG – Termo de Contrato 741/2025 (Credenciamento 040/2025 – Sistema Carretas da Saúde), 30/09/2025 | F59: 306.75 | G59: https://ciminas.mg.gov.br | H59: Senado Federal/SIS – Tabela própria de credenciamento – Odontologia | I59: 415.75 | J59: https://www12.senado.leg.br/institucional/sis/pdfs/tabela-odontologia-v2-nv.pdf | K59: FioSaúde – Tabela Odontológica, vigência 02/04/2025 a 31/03/2026 (multirradicular) | L59: 610.5 | M59: https://fiosaude.org.br/wp-content/uploads/2025/04/tabela_Odontologica_Fiosaude_2025-2026.pdf | N59: =IF(COUNT(F59,I59,L59)=0,"",MIN(F59,I59,L59)) -> 306.75 | O59: =IF(COUNT(F59,I59,L59)=0,"",AVERAGE(F59,I59,L59)) -> 444.33333 | P59: =IF(COUNT(F59,I59,L59)=0,"",MEDIAN(F59,I59,L59)) -> 415.75 | Q59: =IF(COUNT(F59,I59,L59)=0,"",MAX(F59,I59,L59)) -> 610.5 | R59: Sem correspondente | S59: =IF(ISNUMBER(R59),ROUNDDOWN(R59*0.96,2),"—") -> — | T59: =IF(COUNT(F59,I59,L59)=0,"Sem cotação",ROUND(P59,2)) -> 415.75 | U59: =IF(AND(ISNUMBER(R59),ISNUMBER(T59)),T59/R59-1,"—") -> — | V59: =IF(ISNUMBER(T59),D59*T59,0) -> 81487
A60: 58 | B60: Tratamento de alveolite | C60: Procedimento | D60: 905 | E60: CIMINAS/MG – Termo de Contrato 741/2025 (Credenciamento 040/2025 – Sistema Carretas da Saúde), 30/09/2025 | F60: 71.9 | G60: https://ciminas.mg.gov.br | H60: FioSaúde – Tabela Odontológica, vigência 02/04/2025 a 31/03/2026 | I60: 123.5 | J60: https://fiosaude.org.br/wp-content/uploads/2025/04/tabela_Odontologica_Fiosaude_2025-2026.pdf | K60: TRF3 – Tabela Odontológica Credenciados | L60: 52 | M60: https://www.trf3.jus.br/documentos/ubas/Odontologia/Credenc_pac_espec_vigencia_1_08_07.pdf | N60: =IF(COUNT(F60,I60,L60)=0,"",MIN(F60,I60,L60)) -> 52 | O60: =IF(COUNT(F60,I60,L60)=0,"",AVERAGE(F60,I60,L60)) -> 82.466667 | P60: =IF(COUNT(F60,I60,L60)=0,"",MEDIAN(F60,I60,L60)) -> 71.9 | Q60: =IF(COUNT(F60,I60,L60)=0,"",MAX(F60,I60,L60)) -> 123.5 | R60: Sem correspondente | S60: =IF(ISNUMBER(R60),ROUNDDOWN(R60*0.96,2),"—") -> — | T60: =IF(COUNT(F60,I60,L60)=0,"Sem cotação",ROUND(P60,2)) -> 71.9 | U60: =IF(AND(ISNUMBER(R60),ISNUMBER(T60)),T60/R60-1,"—") -> — | V60: =IF(ISNUMBER(T60),D60*T60,0) -> 65069.5
A61: 59 | B61: Tratamento de fluorose | C61: Procedimento | D61: 905 | E61: CIMINAS/MG – Termo de Contrato 741/2025 (Credenciamento 040/2025 – Sistema Carretas da Saúde), 30/09/2025 | F61: 53.8 | G61: https://ciminas.mg.gov.br | H61: — | K61: — | N61: =IF(COUNT(F61,I61,L61)=0,"",MIN(F61,I61,L61)) -> 53.8 | O61: =IF(COUNT(F61,I61,L61)=0,"",AVERAGE(F61,I61,L61)) -> 53.8 | P61: =IF(COUNT(F61,I61,L61)=0,"",MEDIAN(F61,I61,L61)) -> 53.8 | Q61: =IF(COUNT(F61,I61,L61)=0,"",MAX(F61,I61,L61)) -> 53.8 | R61: Sem correspondente | S61: =IF(ISNUMBER(R61),ROUNDDOWN(R61*0.96,2),"—") -> — | T61: =IF(COUNT(F61,I61,L61)=0,"Sem cotação",ROUND(P61,2)) -> 53.8 | U61: =IF(AND(ISNUMBER(R61),ISNUMBER(T61)),T61/R61-1,"—") -> — | V61: =IF(ISNUMBER(T61),D61*T61,0) -> 48689
A62: 60 | B62: Tratamento endodôntico de canino/pré-molar - birradiculares | C62: Procedimento | D62: 905 | E62: CIMINAS/MG – Termo de Contrato 741/2025 (Credenciamento 040/2025 – Sistema Carretas da Saúde), 30/09/2025 | F62: 242.75 | G62: https://ciminas.mg.gov.br | H62: MPU/Plan-Assiste – Anexo V da Norma Complementar 50 (2026) | I62: 331.82 | J62: https://planassiste.mpu.mp.br/o-plan-assiste/normas/normas-cpmplementares/anexo_v_nc_50.pdf/@@download/file/Anexo_V_NC_50.pdf | K62: TJDFT/Pró-Saúde – Tabela Odontológica Própria (pré-molar) | L62: 339.58 | M62: https://www.tjdft.jus.br/pro-saude/tabelas-proprias-do-pro-saude/tabela-propria-odontologica-ajuste-cynthia.pdf | N62: =IF(COUNT(F62,I62,L62)=0,"",MIN(F62,I62,L62)) -> 242.75 | O62: =IF(COUNT(F62,I62,L62)=0,"",AVERAGE(F62,I62,L62)) -> 304.71667 | P62: =IF(COUNT(F62,I62,L62)=0,"",MEDIAN(F62,I62,L62)) -> 331.82 | Q62: =IF(COUNT(F62,I62,L62)=0,"",MAX(F62,I62,L62)) -> 339.58 | R62: Sem correspondente | S62: =IF(ISNUMBER(R62),ROUNDDOWN(R62*0.96,2),"—") -> — | T62: =IF(COUNT(F62,I62,L62)=0,"Sem cotação",ROUND(P62,2)) -> 331.82 | U62: =IF(AND(ISNUMBER(R62),ISNUMBER(T62)),T62/R62-1,"—") -> — | V62: =IF(ISNUMBER(T62),D62*T62,0) -> 300297.1
A63: 61 | B63: Tratamento endodôntico de dentes com rizogênese incompleta (por sessão) | C63: Procedimento | D63: 120 | E63: CIMINAS/MG – Termo de Contrato 741/2025 (Credenciamento 040/2025 – Sistema Carretas da Saúde), 30/09/2025 | F63: 105.75 | G63: https://ciminas.mg.gov.br | H63: MPU/Plan-Assiste – Anexo V da Norma Complementar 50 (2026) | I63: 143.39 | J63: https://planassiste.mpu.mp.br/o-plan-assiste/normas/normas-cpmplementares/anexo_v_nc_50.pdf/@@download/file/Anexo_V_NC_50.pdf | K63: — | N63: =IF(COUNT(F63,I63,L63)=0,"",MIN(F63,I63,L63)) -> 105.75 | O63: =IF(COUNT(F63,I63,L63)=0,"",AVERAGE(F63,I63,L63)) -> 124.57 | P63: =IF(COUNT(F63,I63,L63)=0,"",MEDIAN(F63,I63,L63)) -> 124.57 | Q63: =IF(COUNT(F63,I63,L63)=0,"",MAX(F63,I63,L63)) -> 143.39 | R63: Sem correspondente | S63: =IF(ISNUMBER(R63),ROUNDDOWN(R63*0.96,2),"—") -> — | T63: =IF(COUNT(F63,I63,L63)=0,"Sem cotação",ROUND(P63,2)) -> 124.57 | U63: =IF(AND(ISNUMBER(R63),ISNUMBER(T63)),T63/R63-1,"—") -> — | V63: =IF(ISNUMBER(T63),D63*T63,0) -> 14948.4
A64: 62 | B64: Tratamento endodôntico de incisivo/canino/pré-molar - unirradicular | C64: Procedimento | D64: 135 | E64: CIMINAS/MG – Termo de Contrato 741/2025 (Credenciamento 040/2025 – Sistema Carretas da Saúde), 30/09/2025 | F64: 178.25 | G64: https://ciminas.mg.gov.br | H64: MPU/Plan-Assiste – Anexo V da Norma Complementar 50 (2026) | I64: 240.59 | J64: https://planassiste.mpu.mp.br/o-plan-assiste/normas/normas-cpmplementares/anexo_v_nc_50.pdf/@@download/file/Anexo_V_NC_50.pdf | K64: TJDFT/Pró-Saúde – Tabela Odontológica Própria (incisivo ou canino) | L64: 259.88 | M64: https://www.tjdft.jus.br/pro-saude/tabelas-proprias-do-pro-saude/tabela-propria-odontologica-ajuste-cynthia.pdf | N64: =IF(COUNT(F64,I64,L64)=0,"",MIN(F64,I64,L64)) -> 178.25 | O64: =IF(COUNT(F64,I64,L64)=0,"",AVERAGE(F64,I64,L64)) -> 226.24 | P64: =IF(COUNT(F64,I64,L64)=0,"",MEDIAN(F64,I64,L64)) -> 240.59 | Q64: =IF(COUNT(F64,I64,L64)=0,"",MAX(F64,I64,L64)) -> 259.88 | R64: Sem correspondente | S64: =IF(ISNUMBER(R64),ROUNDDOWN(R64*0.96,2),"—") -> — | T64: =IF(COUNT(F64,I64,L64)=0,"Sem cotação",ROUND(P64,2)) -> 240.59 | U64: =IF(AND(ISNUMBER(R64),ISNUMBER(T64)),T64/R64-1,"—") -> — | V64: =IF(ISNUMBER(T64),D64*T64,0) -> 32479.65
A65: 63 | B65: Tratamento endodôntico de molar | C65: Procedimento | D65: 72 | E65: CIMINAS/MG – Termo de Contrato 741/2025 (Credenciamento 040/2025 – Sistema Carretas da Saúde), 30/09/2025 | F65: 306.75 | G65: https://ciminas.mg.gov.br | H65: Senado Federal/SIS – Tabela própria de credenciamento – Odontologia | I65: 415.75 | J65: https://www12.senado.leg.br/institucional/sis/pdfs/tabela-odontologia-v2-nv.pdf | K65: TJDFT/Pró-Saúde – Tabela Odontológica Própria | L65: 514.65 | M65: https://www.tjdft.jus.br/pro-saude/tabelas-proprias-do-pro-saude/tabela-propria-odontologica-ajuste-cynthia.pdf | N65: =IF(COUNT(F65,I65,L65)=0,"",MIN(F65,I65,L65)) -> 306.75 | O65: =IF(COUNT(F65,I65,L65)=0,"",AVERAGE(F65,I65,L65)) -> 412.38333 | P65: =IF(COUNT(F65,I65,L65)=0,"",MEDIAN(F65,I65,L65)) -> 415.75 | Q65: =IF(COUNT(F65,I65,L65)=0,"",MAX(F65,I65,L65)) -> 514.65 | R65: Sem correspondente | S65: =IF(ISNUMBER(R65),ROUNDDOWN(R65*0.96,2),"—") -> — | T65: =IF(COUNT(F65,I65,L65)=0,"Sem cotação",ROUND(P65,2)) -> 415.75 | U65: =IF(AND(ISNUMBER(R65),ISNUMBER(T65)),T65/R65-1,"—") -> — | V65: =IF(ISNUMBER(T65),D65*T65,0) -> 29934
A66: 64 | B66: Ulectomia | C66: Procedimento | D66: 72 | E66: CIMINAS/MG – Termo de Contrato 741/2025 (Credenciamento 040/2025 – Sistema Carretas da Saúde), 30/09/2025 | F66: 72.5 | G66: https://ciminas.mg.gov.br | H66: FioSaúde – Tabela Odontológica, vigência 02/04/2025 a 31/03/2026 | I66: 156 | J66: https://fiosaude.org.br/wp-content/uploads/2025/04/tabela_Odontologica_Fiosaude_2025-2026.pdf | K66: — | N66: =IF(COUNT(F66,I66,L66)=0,"",MIN(F66,I66,L66)) -> 72.5 | O66: =IF(COUNT(F66,I66,L66)=0,"",AVERAGE(F66,I66,L66)) -> 114.25 | P66: =IF(COUNT(F66,I66,L66)=0,"",MEDIAN(F66,I66,L66)) -> 114.25 | Q66: =IF(COUNT(F66,I66,L66)=0,"",MAX(F66,I66,L66)) -> 156 | R66: Sem correspondente | S66: =IF(ISNUMBER(R66),ROUNDDOWN(R66*0.96,2),"—") -> — | T66: =IF(COUNT(F66,I66,L66)=0,"Sem cotação",ROUND(P66,2)) -> 114.25 | U66: =IF(AND(ISNUMBER(R66),ISNUMBER(T66)),T66/R66-1,"—") -> — | V66: =IF(ISNUMBER(T66),D66*T66,0) -> 8226
B67: SUBTOTAL DO LOTE | V67: =SUM(V3:V66) -> 20579183

Sheet Contratações de Referência
A1: CONTRATAÇÕES E TABELAS PÚBLICAS DE REFERÊNCIA (links)
A2: Nº | B2: Contratação / Documento | C2: Link
A3: 1 | B3: CIS Circuito das Águas/MG – Credenciamento 04/2025 (Proc. 054/2025), carreta itinerante | C3: https://pncp.gov.br/pncp-api/v1/orgaos/71203715000190/compras/2026/1/arquivos/1
A4: 2 | B4: CIMINAS/MG – Termo de Contrato 741/2025 (Credenciamento 040/2025 – Sistema Carretas da Saúde), 30/09/2025 | C4: https://ciminas.mg.gov.br
A5: 3 | B5: ICISMEP/MG – TSPS jan/2026, atualização II (Unidade Móvel Saúde da Mulher) | C5: https://icismep.mg.gov.br/wp-content/uploads/2026/02/03.-TSPS-JANEIRO-DE-2026-ATUALIZACAO-II-1.pdf
A6: 4 | B6: SESA/ES – Credenciamento SRSV/NRA 001/2026 | C6: https://saude.es.gov.br/Media/sesa/Credenciamento/EDITAL%20SESA-SRSV-NRA%20001-26.pdf
A7: 5 | B7: CISAME/MG – Tabela de Preços e Serviços 2026 (Credenciamento 01/2025, Contrato 10/2026) | C7: https://www.cisame.mg.gov.br/compliance/tabela-de-precos-e-servicos/
A8: 6 | B8: Pref. Iuiú/BA – Edital de Credenciamento 022/2026 | C8: https://www.procede.api.br/publica/documentos/PRYXAMTCDSCNU-20260528-145706--!--CREDENCIAMENTO_MEDICOS_EDITAL_2026.pdf
A9: 7 | B9: Pref. Três Lagoas/MS – Edital de Credenciamento 002/2026 | C9: https://www.treslagoas.ms.gov.br/prefeitura-de-tres-lagoas-amplia-acesso-a-consultas-especializadas-com-novo-credenciamento-na-saude/
A10: 8 | B10: CISAMUSEP/PR – Tabela 2026 (12/06/2026) | C10: https://cisamusep.org.br/uploads/pagina/arquivos/Tabela-Cisamusep-1206.pdf
A11: 9 | B11: CISPARA/MG – Tabela Oficial de Consultas, Procedimentos e Serviços jan/2026 | C11: https://www.cispara.mg.gov.br/transparencia/tabela-oficial-de-procedimentos/tabela-oficial-de-procedimentos-2026/543-01-tabela-oficial-de-consultas-procedimentos-e-servicos-janeiro-de-2026/file
A12: 10 | B12: Pref. Sarapuí/SP – Ata de Registro de Preços (RM e USG) | C12: https://www.sarapui.sp.gov.br/ata-registro-preco/page/1/download/839
A13: 11 | B13: CIM Expandida Sul – Tabela de valores vigente a partir de 01/01/2026 | C13: https://www.cimexpandidasul.com.br/institucional/tabela-de-servicos/562-tabela-atualizada-01-01-2026/file
A14: 12 | B14: FMS Quilombo/SC – Credenciamento 05/2025 | C14: https://quilombo.sc.gov.br/uploads/sites/96/2025/04/5-EDITAL-DE-CREDENCIAMENTO-05-2025-exames-imagem.pdf
... A34: 32 | B34: TRF3 – Tabela Odontológica Credenciados | C34: https://www.trf3.jus.br/documentos/ubas/Odontologia/Credenc_pac_espec_vigencia_1_08_07.pdf
